Título,RQ1,RQ2,RQ3,RQ4,RQ5,RQ6,RQ7,RQ8,RQ9,RQ10,RQ11
A Comparative Assessment of eXplainable AI Tools in Predicting Hard Disk Drive Health⋆,Data Centers,"Manutenção Prescritiva, RUL","Auxilia na compreensão das saídas do modelo de IA e no processo de tomada de decisão através de explicações globais (identificando atributos S.M.A.R.T. mais críticos) e locais (identificando quais características influenciaram predições específicas, inclusive falsos positivos ou classificações incorretas).",Backblaze dataset,"Séries temporais de atributos S.M.A.R.T., organizadas em um dataset tridimensional (amostras, janelas de tempo e características).",Não mencionado.,LSTM com camadas empilhadas e ativação softmax.,SHAP com DeepExplainer e LIME com RecurrentTabularExplainer.,Ambos.,"Do Modelo: Acurácia, Precisão, Recall e F1-Score; Da Explicação: Identidade (Invariance), Estabilidade e Separabilidade.","Limitações nas medidas de completude e correção das ferramentas de XAI; Necessidade de engajamento contínuo dos usuários para personalizar explicações; Preocupações com a confiança do modelo e potenciais vieses (biases) no processo de aprendizado; Dificuldade em lidar com a natureza ""caixa-preta"" de modelos profundos em aplicações críticas."
A Conceptual Framework for Predictive Digital Dairy Twins: Integrating Explainable AI and HybridModeling,Indústria de laticínios,"Detecção preditiva e gerenciamento de estados críticos de processo, previsão de parâmetros de qualidade e identificação de anomalias/desvios em tempo real","Fornece feedback em tempo real sobre o processamento , elucida as causas subjacentes de desvios e utiliza explicações baseadas em conhecimento de domínio (modelos white-box) para tornar os resultados rastreáveis para humanos.","Sem Dataset específico; O framework prevê o uso de dados de locais de produção reais (sensores e máquinas) , dados de experimentos em plantas-piloto e conhecimento de especialistas","Séries temporais de sensores (temperatura, pressão, pH, condutividade, viscosidade) , dados de matérias-primas , dados químicos/microbiológicos e conhecimento especializado (estruturado e semiestruturado).","Não mencionado de forma explícita como Edge, Cloud ou híbrido. O texto apenas exige provisão de dados em tempo real e afirma que é necessário avaliar se a infraestrutura de TI da empresa já permite isso.",Redes Neurais Profundas (Deep Neural Networks) e Redes Neurais Recorrentes (Recurrent Neural Networks).,"LRP, SHAP e LIME.",Ambos.,"Do Modelo: Sensibilidade, especificidade, erro quadrático médio (MSE) e consumo de recursos (tempo, CPU, RAM); Da Explicação: Poder explicativo, fidelidade e avaliação empírica da compreensibilidade das explicações pelos funcionários.","Complexidade bioquímica e inconsistência das matérias-primas; Falta de uma metodologia padrão para transferência de informações do objeto físico para o virtual; Dificuldade em adaptar métodos de XAI (como LIME), originalmente otimizados para imagens, para dados de processos industriais; Necessidade de generalizar modelos entre diferentes escalas (planta-piloto vs. fábrica); Lacuna de habilidades em TI entre os funcionários das empresas."
A machine-learning based data-oriented pipeline for Prognosis and Health Management Systems,"Indústria de processo, petroquímica.","Manutenção preditiva, PHM, RUL, detecção de anomalias e identificação de características da falha.","Auxilia fornecendo informações para equipes de operação e manutenção lidarem com eventos de anomalia, identificando a causa raiz provável e emitindo sinalizações temporais (flags) sobre o tempo restante até a falha para priorizar ações preventivas.",Dados reais de um ambiente industrial (privados/proprietários).,"Séries temporais multidimensionais provenientes de sensores (vazão, carga, temperatura, pressão, corrente elétrica e sinais de vibração).","Não mencionado de forma explícita como Edge, Cloud ou híbrido.","Autoencoder, CNN, LSTM, GRU, MLP, N-BEATS",SHAP.,Ambos.,"Do Modelo/RUL: MAE, MSE, MAPE, RMSE e R^2.",Dificuldade de coletar e lidar com dados em ambientes reais e ruidosos; Complexidade de sistemas com equipamentos interconectados em série; Limitação na quantidade de dados disponíveis para avaliar diferentes condições operacionais; Dificuldade de redes neurais recorrentes (RNNs) em lidar com dados não estacionários.
A novel dynamic machine learning-based explainable fusion monitoring: application to industrial and chemical processes.,Processos industriais e químicos.,"Manutenção Preditiva, detecção de falhas/anomalias, identificação de variáveis causais e diagnóstico da causa raiz/propagação da falha.",Detectar anomalias/falhas; Identificar variáveis-chave e variáveis com falha; estimar magnitude e atraso temporal da propagação; Explicitar o canal de propagação da causa raiz para apoiar mitigação/diagnóstico.,Simulados/gerados a partir de benchmarks de processo (CSTR e TEP).,Séries temporais multivariadas / dados de processo industriais.,"Não mencionado de forma explícita como Edge, Cloud ou híbrido.",Não mencionado.,IE + Granger Causality + DTW + SDG/DTD-SDG para explicação de propagação da falha e causa raiz.,Não mencionado explicitamente como local ou global.,"Métricas de detecção/desempenho: FAR, FDR, Recall, Precision e F1-Score; Índices estatísticos de monitoramento: I²d, I²e e SPE.","A extração de estruturas eficientes é desafiada pela natureza multidimensional e conectada das flutuações em processos modernos. Há dificuldades na coleta de informações de atraso de tempo (time-delay) entre variáveis e baixa robustez das técnicas de diagnóstico convencionais. Além disso, nota-se a falta de infraestrutura adequada nas operações reais para coletar e categorizar informações históricas."
A predictive analytics framework for early detection of production halts and quality issues.,Indústria de painéis à base de madeira.,Predição antecipada (Ahead-of-Time - AoT) de paradas de produção e de defeitos de qualidade no processo de fabricação.,"O modelo atua como ferramenta substituta para o planejamento da produção, permitindo modificar planos de produção e ajustar receitas antes da execução.",Privados/proprietários.,"Dados tabulares, utilizando exclusivamente variáveis de entrada pré-produção.","Não mencionado de forma explícita como Edge, Cloud ou híbrido.","As arquiteturas profundas usadas foram DFFN (Bayesian-optimized Deep FeedForward Network) e o framework Ludwig, com arquitetura ECD (Encoder–Combiner–Decoder) e TabNet combiner.",SHAP e 1DSA.,Globais.,"Modelo preditivo: AUC-ROC (métrica principal), mediana do AUC, IQR, teste de Wilcoxon pareado, além de FNR e FPR em análise de limiar; Custo computacional: tempo de seleção, treinamento e inferência; Explicabilidade: NKTD (Normalized Kendall Tau Distance) para comparar rankings SHAP/1DSA e MAE entre rankings qualitativos de especialistas e rankings derivados por XAI.","Alto custo computacional; Utilização apenas de atributos pré-produção; A validação qualitativa com especialistas pode sofrer de subjetividade, vieses ou conhecimento incompleto."
A Zero-Defect Manufacturing Decision-Support System for the Decorative Surfaced Panels Industry,Indústria de painéis decorativos.,"Zero-Defect Manufacturing (ZDM) com foco em predição de defeitos, prevenção de defeitos e otimização de parâmetros de máquina para reduzir desperdício e melhorar a qualidade.","O sistema exibe um dashboard com alertas de probabilidade de defeito justificados pelas três variáveis mais influentes (explicação via SHAP). Além disso, o sistema sugere ativamente o ajuste ótimo de parâmetros da máquina para prevenir o defeito e utiliza Zero-Shot Learning (ZSL) para recomendar receitas de configuração iniciais para novos tipos de painéis, reduzindo o desperdício na fase de setup.",Dados privados e proprietários.,Dados tabulares de séries temporais derivados de variáveis de processo e sensores industriais.,"O modelo é executado na Nuvem (Cloud Computing), construído sobre uma infraestrutura modular utilizando Microsoft Azure, Asset Administration Shells (AASs) e contêineres Docker.","LSTM, porém apresentaram desempenho significativamente inferior aos métodos tradicionais de Ensemble (como XGBoost e AdaBoost)",SHAP.,Locais.,"Para a classificação de defeitos, utilizaram F1-Score, Acurácia, Precisão e Recall. Para o modelo de regressão associado ao Zero-Shot Learning, mediram o Erro Quadrático Médio (MSE) e o Coeficiente de Determinação (R2). Na avaliação do monitoramento online, utilizaram o Erro da Razão de Defeitos (EDR​)","Baixa adaptabilidade a mudanças súbitas de processo; Aplicabilidade inconsistente em cenários industriais reais e diversos; Escassez de dados; O LSTM teve desempenho inferior porque as API calls processam os dados sequencialmente, impedindo o aproveitamento das dependências temporais entre múltiplos painéis; Como trabalho futuro, o sistema ainda precisa integrar um módulo de visão computacional para apoiar a detecção visual de defeitos e fornecer evidência visual adicional"
Acoustic Fault Diagnosis of Industrial Pumps Using Interpretable Deep Learning and SHAP Analysis,Sistemas industriais de bombeamento.,Diagnóstico de falhas / detecção precoce de anomalias.,"A técnica auxilia ao classificar o estado da bomba a partir do áudio, permitindo detecção mais eficiente de falhas sob ruído industrial, e ao explicar quais atributos acústicos mais influenciam a decisão do modelo via SHAP.","Público, pois o estudo usa o Pump subset do MIMII acoustic dataset.","Sinais acústicos de áudio (waveforms), tratados como séries temporais, com extração de MFCCs, atributos espectrais (centroid, rolloff, contrast) e atributos temporais (zero-crossing rate, autocorrelation).","Não mencionado de forma explícita como Edge, Cloud ou híbrido.","MLP (SimpleDense), Conv1D, ResidualDense, ResNet1D, LSTM (Long Short-Term Memory), InceptionTime, Transformer e TCN (Temporal Convolutional Network).",SHAP com KernelExplainer,Globais.,"Acurácia (Accuracy), Sensibilidade (Recall), F1-Score, Área sob a curva ROC (ROC-AUC) e Perda de Entropia Cruzada Binária (BCE Loss).","Diagnóstico precoce é difícil, exigindo sensores muito sensíveis e algoritmos de ML; A interpretação dos sinais acústicos é difícil por causa de ruído de fundo e da complexidade do processamento de sinais;"
Adaptable and Explainable Predictive Maintenance: Semi-Supervised Deep Learning for Anomaly Detection and Diagnosis in Press Machine Data,Setor de Manufatura.,"Manutenção Preditiva, com foco em Detecção de Anomalias em regime semi-supervisionado e Diagnóstico da causa raiz das falhas.",Fornece suporte visual como ferramenta de diagnóstico (emite alerta com justificativa visual).,Dados privados e proprietários.,Séries temporais de sensores industriais e medições únicas por ciclo.,"Arquitetura orientada à Cloud para aquisição de dados, pois um PLC coleta, sincroniza e envia os dados para a cloud, com acesso via web API.",Autoencoder baseado em CNN 2D.,SHAP com GradientExplainer.,Locais.,"F1-Score, Precisão (Precision) e Recall para avaliar o sucesso da detecção das anomalias e clusters de falhas. O tempo de execução/latência (milissegundos) foi medido para o processamento online.","A principal limitação reportada é a falta de escalabilidade direta do mesmo modelo para peças ou moldes (dies) diferentes. O método de Transfer Learning aplicado com sucesso para variações do mesmo molde ao longo do tempo falhou ao ser transferido para moldes diferentes, devido a diferenças estruturais no processo de conformação."
Advancing Manufacturing with Interpretable Machine Learning: LIME-Driven Insights from the SECOM Dataset,Indústria de manufatura de semicondutores.,Predição da qualidade do produto e detecção de falhas de manufatura.,"A técnica auxilia ao explicar predições individuais de falha/qualidade e ao identificar fatores críticos que influenciam cada caso, permitindo intervenções direcionadas, ajustes operacionais e otimização de processo.",Públicos (Benchmark UCI SECOM dataset). Link: https://archive.ics.uci.edu/dataset/179/secom.,"Dados tabulares de manufatura, compostos por dados de operações de fabricação e dados de qualidade de semicondutores.","Não mencionado de forma explícita como Edge, Cloud ou híbrido.","Não mencionado. (O estudo avaliou Random Forest e XGBoost, que são algoritmos de Ensemble/Árvores de Decisão, citando o uso de Redes Neurais apenas como uma possibilidade de trabalho futuro) .",LIME,Locais.,"Acurácia, Precisão, Recall (Sensibilidade), F1-Score e Área sob a Curva ROC (ROC/AUC).","Opacidade dos modelos e desconfiança na indústria, desbalanceamento severo dos dados (poucas falhas), baixa interpretabilidade da descrição das features do SECOM (ex.: “Feature 22” não é diretamente acionável para engenheiros), limitação de generalização para outros domínios, uso de um único estudo de caso, e ausência de comparação abrangente com outros métodos de XAI, como SHAP."
Agentic AI in Smart Manufacturing: Enabling Human-Centric Predictive Maintenance Ecosystems,Manufatura de cerâmica.,"Manutenção Preditiva focada no monitoramento da integridade de maquinário (machinery health monitoring), detecção e previsão de falhas e predição de Vida Útil Restante (RUL).","O sistema gera alertas e detecção de anomalias, realiza diagnóstico e modelagem preditiva, produz recomendações automatizadas de manutenção, prioriza alarmes, estima RUL, apoia alocação de recursos e apresenta os resultados em dashboards interativos para supervisão humana. As explicações e a quantificação de incerteza aumentam a confiança do operador.",Dados privados e proprietários.,Séries temporais multissensores e dados operacionais de máquinas.,"Edge Computing com inteligência distribuída e aprendizado federado. O texto descreve um ambiente de edge computing com agentes especializados e agregação periódica de modelos sem centralizar dados sensíveis. Desafios citados: restrição de largura de banda, recursos computacionais limitados, latência, confiabilidade, gargalos de arquiteturas centralizadas e necessidade de redundância/failsafe em ambientes críticos. ","LSTM, mas o estudo também integrou algoritmos clássicos de Machine Learning nas camadas de raciocínio, como Random Forest e Isolation Forest.",Não mencionado de forma explícita.,Não mencionado explicitamente como local ou global.,"Para avaliação técnica dos modelos preditivos e detecção de falhas: Sensibilidade (Recall), Especificidade, Precisão, F1-Score, Erro Percentual Absoluto Médio (MAPE - para estimativas de RUL), redução de Falsos Positivos e Latência de comunicação (ms). Para métricas de explicação e colaboração humano-máquina (XAI): pontuações de confiança e usabilidade mensuradas via pesquisas na Escala Likert com operadores e técnicos de manutenção. Eficiência técnica geral foi medida pelo OEE (Overall Equipment Effectiveness), MTBF e MTTR.","Para avaliação técnica dos modelos preditivos e detecção de falhas: Sensibilidade (Recall), Especificidade, Precisão, F1-Score, Erro Percentual Absoluto Médio (MAPE - para estimativas de RUL), redução de Falsos Positivos e Latência de comunicação (ms). Para métricas de explicação e colaboração humano-máquina (XAI): pontuações de confiança e usabilidade mensuradas via pesquisas na Escala Likert com operadores e técnicos de manutenção. Eficiência técnica geral foi medida pelo OEE (Overall Equipment Effectiveness), MTBF e MTTR."
AI and Data Science for Predictive Maintenance in Industry 4.0,Setor de Manufatura.,"Manutenção preditiva, com foco em detecção de falhas/malfunction detection e estimação de RUL.","A técnica auxilia ao prever falhas antes da ocorrência, estimar a vida útil remanescente, emitir alertas quase em tempo real e apoiar o planejamento de manutenção. Com XAI, ela também explica quais variáveis influenciam a predição, aumentando transparência e confiança para especialistas.",Foram utilizados tanto datasets públicos (benchmarks) quanto dados reais de sensores industriais (privados).,"Dados de séries temporais de sensores (registrando parâmetros operacionais como temperatura, vibração, pressão e ciclos de uso).","Edge Computing, com possibilidade de sincronização com servidor central/cloud para armazenamento, re-treinamento e análise; portanto, a arquitetura descrita é edge com suporte a cloud.",LSTM e CNN.,SHAP e LIME,Ambos.,"Precisão, Recall (Sensibilidade), F1-Score, Acurácia da predição de RUL e Latência (em milissegundos).","Qualidade dos dados, desbalanceamento entre falha e operação normal, heterogeneidade de dados entre sensores/máquinas, baixa interpretabilidade de modelos black-box, integração com infraestrutura industrial legada, baixa validação em tempo real em estudos anteriores, overhead computacional, maior latência ao usar XAI, dependência de grande volume de dados rotulados e necessidade de otimização dos modelos para edge devices."
AI-Based Predictive Maintenance for a Slitter Rewinder: a Case Study,Indústria de Embalagens.,Manutenção Preditiva (PdM) focada na predição antecipada de falhas e paradas não planejadas.,"Emite alertas preditivos diretamente aos operadores, identificando a probabilidade de ocorrência de uma falha dentro de uma janela de tempo de 5 minutos.",Dados privados e proprietários.,"Séries temporais e dados tabulares heterogêneos, compreendendo sinais de sensores da máquina (velocidade, diâmetro, status), códigos de erro e registros manuais não estruturados inseridos pelos operadores.","A coleta de dados foi realizada via roteador OPC-UA e rede VPN, e o treinamento do modelo foi executado em Cloud Computing (plataforma COLAB).",LSTM.,Não mencionado.,Não mencionado.,"Acurácia global (atingindo 91%), Matriz de Confusão e Curva ROC (Receiver Operating Characteristic).","Heterogeneidade dos dados, rótulos ausentes/escassos, ruído temporal, ausência inicial de infraestrutura de coleta, dados desorganizados, relatórios de falha não estruturados, descrições inconsistentes de manutenção, disponibilidade limitada de dados históricos, desbalanceamento de classes e necessidade de ampliar sinais sensoriais e integrar o sistema a monitoramento em tempo real."
AI-Driven Real-Time Defect Detection for Paper Production: A Scalable Smart Manufacturing Approach,Setor de Manufatura de Papel Industrial.,"Controle de qualidade / detecção de defeitos em tempo real, com foco em identificar e classificar defeitos de superfície, rasgos, dobras, furos e anomalias de processo durante a produção. ","A técnica auxilia ao detectar defeitos em tempo real, acionar alertas automáticos para intervenção do operador, fornecer feedback imediato para ações corretivas, e analisar severidade, frequência e causas raiz dos defeitos, apoiando a otimização de parâmetros de produção e decisões de qualidade orientadas por dados.",Dados privados e proprietários.,Imagens industriais (visão computacional) e dados de sensores de processo.,"Edge Computing. Os modelos são implantados em industrial edge AI devices, com inferência local de baixa latência, integração em tempo real com SCADA e MES, e uso de NVIDIA Jetson Xavier NX. Os modelos também foram otimizados com NVIDIA TensorRT para reduzir tempo de inferência.",YOLOv7 e SSD (Single Shot MultiBox Detector).,Grad-CAM.,Locais.,"Mean Average Precision (mAP), Acurácia, F1-Score, Sensibilidade (Recall), Taxa de Falsos Positivos (FP Rate) e Latência / Tempo de Inferência (ms/frame).","A principal limitação atual é a dificuldade na detecção de defeitos transitórios ou visualmente ambíguos em condições de alta velocidade (ex: micro-rasgos nas bordas, perda de vácuo, dobras sobrepostas), que derrubam a precisão do modelo em alguns segmentos."
An Adaptive Parallel Feature Learning and Hybrid Feature Fusion-Based Deep Learning Approach for Machining Condition Monitoring,Setor de Manufatura/Usinagem.,"Monitoramento de condição de usinagem, com foco em reconhecimento de estado e detecção de falhas.","A técnica auxilia por classificação/reconhecimento automático das condições de usinagem para monitoramento inteligente; o módulo de atenção atribui maiores pesos às features críticas, ajudando o modelo a focar nos atributos mais relevantes. Não há menção a recomendação explícita de ação corretiva.",Dados privados e proprietários.,Séries temporais de sensores.,"Arquitetura híbrida edge-cloud em ambiente IIoT. O edge computer faz pré-processamento; o cloud realiza o treinamento offline; depois, o modelo é implantado no edge para teste online.","Autoencoders, especificamente Sparse Autoencoders (SAE).",Mapas de Atenção.,Globais.,"Acurácia Média de Teste, Perda Média de Teste (Loss), Tempo Médio de Treinamento e Tempo Médio de Teste (Latência de inferência).","Principais limitações reportadas: uso de apenas um sensor no estudo de caso (necessidade de generalizar para multissensores), uso de apenas uma cabeça de atenção (pode reduzir a robustez), e possibilidade de variação de desempenho com diferentes funções de ativação."
An explainable unsupervised anomaly detection framework for Industrial Internet of Things,"Setores de Tratamento e Circulação de Água, Manufatura de Açúcar e Aeroespacial (Sondas Espaciais).","Detecção de anomalias não supervisionada em séries temporais multivariadas, com foco em detectar pontos anômalos e classificar anomalias em sequências IIoT.","A técnica auxilia ao detectar anomalias em dados de sensores IIoT e ao explicar a contribuição de cada feature via SHAP, gerando ranking de importância, seleção das top N features e tornando as saídas do modelo compreensíveis e acionáveis.","Públicos/benchmarks. O artigo usa SKAB, SWaT, DAMADICS e MSL. Link: https://www.kaggle.com/dsv/1693952 e https://www.google.com/search?q=http://diag.mchtr.pw.edu.pl/damadics/.",Séries temporais multivariadas coletadas de sensores da IIoT.,"Não mencionado de forma explícita como Edge, Cloud ou híbrido.","Arquitetura híbrida composta por 1D CNN (dois blocos convolucionais), CBAM, VAE, TCN melhorado com atenção temporal e KAN (Kolmogorov–Arnold Network). O framework proposto é o CCTAK.",SHAP com KernelExplainer,Ambos.,Fc1 (composite F1-score) e AU-ROC para avaliar a detecção de anomalias. O treinamento/teste também usa MSELoss como perda de reconstrução.,"Principais dificuldades reportadas: escassez de dados rotulados, baixa interpretabilidade em métodos existentes, necessidade de lidar com dados de alta dimensionalidade, alta frequência, complexos e ruidosos, sensibilidade a hiperparâmetros, possibilidade de premissas inadequadas em métodos não supervisionados, e desafios para generalização em outros domínios, como extração de features específica do domínio, ajuste adicional de parâmetros e manutenção da consistência da explicabilidade em contextos distintos."
An explainable unsupervised learning framework for scalable machine fault detection in Industry 4.0,Setor de Manufatura.,Manutenção Preditiva com foco na detecção de falhas e identificação de anomalias.,"O framework monitora o erro de reconstrução (MSE) diário; quando a mediana do MSE ultrapassa um limiar e continua em tendência crescente, ele aciona automaticamente um alarme de falha. Em seguida, usa Kernel SHAP para apontar as features mais influentes na inferência, apoiando especialistas na análise de causa raiz e na priorização de ação corretiva.",Utiliza uma combinação de datasets públicos de benchmark (CWRU e dataset IMS da NASA Ames) e dados privados/proprietários (dataset IND fornecido pela Promethean Energy Pvt. Ltd.). O link mencionado para o repositório do IMS é: www.nasa.gov/content/prognostics-center-of-excellence-data-set-repository.,"Séries temporais de vibração e temperatura, convertidas em features tabulares de domínio do tempo.",O artigo posiciona a solução como edge-compatible. As features do sensor inteligente são computadas na borda e transmitidas via LoRaWAN; o modelo foi projetado para ser leve e adequado a implementação em edge/CPUs desktop para diagnóstico online.,Autoenconder.,SHAP com KernelExplainer.,Ambos.,Erro Quadrático Médio (MSE - Mean Squared Error) para calcular a perda e as anomalias de reconstrução da rede não supervisionada.,Complexidade e caráter black-box dos modelos; custo computacional da extração de features; acesso limitado a dados rotulados; variações de operação e ambiente; dificuldade de escalar métodos de laboratório para instalações reais; imprevisibilidade do tipo e momento das falhas; possibilidade de falhas resultarem de combinação de eventos; confidencialidade industrial (sem detalhes da natureza da falha/remediação); necessidade de funcionar bem com dados limitados e não rotulados. 
An Integrated Framework for Predictive Quality in Injection Molding: Combining Explainable AI and Time Series Analysis in a German Industry Case Study,Indústria de Plásticos.,"Qualidade preditiva / controle de qualidade, com foco em prever e manter a consistência do peso das peças produzidas, tratando desvios de qualidade e casos críticos/anômalos.","A técnica auxilia ao identificar parâmetros críticos, explicar global e localmente quais variáveis influenciam o peso previsto, destacar parâmetros ajustáveis pelos operadores (como Melt Temperature e Set Pressure) e incorporar tendências temporais para permitir ajustes corretivos e intervenções preventivas antes que flutuações comprometam a estabilidade do processo.",Dados privados e proprietários.,"Dados tabulares contendo features de configuração e de processo (como tempo, temperatura, pressão, velocidade e força), a partir dos quais foram extraídos recursos de séries temporais como média, desvio padrão, quantis, assimetria (skewness) e tendências lineares.","Não mencionado de forma explícita como Edge, Cloud ou híbrido.",Não mencionado. ,SHAP,Ambos.,Mean Squared Error (MSE) e R-Squared (R^2),"O estudo foi realizado em apenas uma única planta de injeção, o que limita a generalização; o alvo analisado foi principalmente o peso da peça, enquanto outras dimensões de qualidade não foram exploradas; os autores indicam que outras técnicas de XAI ainda podem ser investigadas para ampliar a explicabilidade e lidar com riscos de modelos excessivamente confiantes; também apontam a necessidade de estudos com usuários para verificar como operadores utilizam a abordagem na prática."
An Interpretable Light Attention–Convolution–Gate Recurrent Unit Architecture for the Highly Accurate Modeling of Actual Chemical Dynamic Processes,Setor Químico.,"Modelagem preditiva de processo dinâmico / soft sensing da vazão de descarga inferior (bottom flowrate) do deetanizador, com potencial para apoiar otimização em tempo real (RTO) e detecção/diagnóstico de falhas (FDD).","A técnica auxilia ao prever com alta acurácia a vazão de fundo e ao explicar as interações entre variáveis de processo no domínio do tempo por meio dos parâmetros do modelo (kernel convolucional e módulo de light attention), permitindo melhor entendimento do comportamento dinâmico real do processo para análise e tomada de decisão operacional.",Dados privados e proprietários.,"Séries temporais multivariadas. O dataset contém a variável alvo (fluxo de fundo) e 21 variáveis de entrada de sensores de processo (incluindo taxas de fluxo, temperaturas de alimentação e das bandejas, pressões e níveis dos tanques) coletadas com intervalos de 1 minuto.","Não mencionado de forma explícita como Edge, Cloud ou híbrido.","LACG, FNN, CNN, CNN-2D, LSTM e attention-LSTM. ",Mapas de Atenção.,Ambos.,"Para desempenho preditivo: MAE (Mean Absolute Error), MRE (Mean Relative Error) e R2 (Coefficient of Determination). Para métricas de latência: Custos computacionais de otimização/treinamento (medidos em segundos) e custo de predição (medido em milissegundos por amostra).",Os autores relatam que o principal desafio do modelo construído foi a interferência persistente do ruído dos dados industriais reais (DCS) sobre os comportamentos dinâmicos apreendidos pela rede.
Anomaly Detection in Asset Degradation Process Using Variational Autoencoder and Explanations,Setor Siderúrgico,"Manutenção Preditiva, com foco específico em Detecção de Anomalias e no monitoramento do processo de degradação de ativos.","A técnica classifica observações como normais ou anômalas com base no erro de reconstrução e, com SHAP, indica quais medições levaram à anomalia, permitindo que especialistas validem a decisão do modelo, apoiem a identificação da causa da falha e melhorem decisões de planejamento, por exemplo estender campanhas de laminação quando possível.","Misto de dados privados/proprietários e públicos. Os dados siderúrgicos são reais e privados, originários da ArcelorMittal Poland. Os dados do motor Turbofan são de um benchmark público simulado pela NASA (dataset C-MAPSS). Link para o dataset público: https://ti.arc.nasa.gov/c/6/.","Dados tabulares construídos a partir de séries temporais de sensores, englobando parâmetros operacionais contínuos como temperatura, pressão, velocidade de laminação, fluxo de combustível, tensões e velocidade do ventilador.","Não mencionado de forma explícita como Edge, Cloud ou híbrido.",Autoencoders padrão (AE) e Variational Autoencoders (VAE).,SHAP com Tree Explainer.,Ambos.,"Acurácia, Precisão, Recall e F1-score.","Principais limitações reportadas: falta de dados rotulados de boa qualidade; escassez de dados run-to-failure em cenários reais; no hot rolling, a ausência de run-to-failure dificulta definir anomalias e separar bem normal vs. anômalo; alta variabilidade do processo real em comparação ao dataset simulado; necessidade de mais fine-tuning, pré-processamento e possível aquisição de novas variáveis; o desempenho no caso real não é production-ready; e o modelo final é binário, sem distinguir tipos de falha. "
Application of deep learning and explainable artificial intelligence (XAI) for detecting red chilli powder adulteration,Indústria Alimentícia.,Controle de Qualidade e Detecção de Adulteração (identificação da presença de adulterantes naturais de baixo custo no produto puro),"Emite alerta com justificativa visual. O sistema gera mapas de calor (saliency maps) destacando em nível de pixel as regiões exatas da amostra que influenciaram a predição do modelo, conferindo transparência à decisão para os fluxos de trabalho de controle de qualidade.",Dados privados e proprietários.,Imagens digitais (dados de visão computacional estruturados em recortes espaciais de 224×224×3 pixels RGB).,O treinamento do modelo ocorreu em Nuvem / Workstation (utilizando o serviço de GPU do Kaggle com hardware Nvidia A6000 e processadores Intel Xeon).,"Redes Neurais Convolucionais 2D (2D-CNN) pré-treinadas . Foram avaliadas as arquiteturas DenseNet (121 e 169), EfficientNet (B0 e B2), ResNet (50 e 101) e VGG (16 e 19).",Grad-CAM e LIME.,Locais.,"Para a classificação da rede neural: Acurácia, Precisão, Recall (Sensibilidade), F1-Score e Categorical Cross-Entropy Loss.","A confiabilidade do modelo é altamente vulnerável a condições de iluminação inconsistentes e problemas de rotulagem durante a captura das imagens. Há o risco contínuo de overfitting atrelado a datasets limitados. Como soluções e trabalhos futuros, o artigo reporta a necessidade de criar grandes coleções de imagens multicêntricas (diversas origens geográficas) e desenvolver dispositivos IoT portáteis baseados em IA (Edge) para triagem rápida e local no próprio ambiente da fábrica ou cadeia de suprimentos."
Automated Defect Detection in Manufacturing Using Enhanced VGG16 Convolutional Neural Networks,Setor de Manufatura.,"Detecção, classificação e localização automática de defeitos para controle de qualidade em manufatura.","Auxilia ao automatizar a inspeção visual, classificar tipos de defeito e localizar regiões defeituosas por meio de bounding boxes, reduzindo dependência de inspeção manual e apoiando monitoramento/controle de qualidade em tempo real. ","Dados públicos (benchmarks). O modelo foi avaliado em conjuntos de dados mistos amplamente conhecidos, como NEU-DET (aço), GC10 e conjuntos de imagens de raio-X de soldas. Não há link para os datasets mencionado no texto.",Imagens digitais de visão computacional (incluindo imagens de superfícies de materiais e radiografias de soldas).,"Não mencionado de forma explícita como Edge, Cloud ou híbrido.","Redes Neurais Convolucionais (CNN), utilizando uma arquitetura base VGG16 aprimorada com técnicas de Batch Normalization e Dropout Regularization.",Não mencionado.,Não mencionado.,"Acurácia, Perda (Loss evolution), Precisão, Recall (Sensibilidade), mAP (Mean Average Precision), F1-Score e Curva ROC (Receiver Operating Characteristic).","Escassez de dados/anotações, desbalanceamento de classes, falsos positivos, necessidade de grandes datasets rotulados, custo computacional, dependência de GPU/TPU, dificuldade de implantação em tempo real, limitações de infraestrutura (especialmente SMEs) e falta de interpretabilidade/transparência do modelo."
Automating Motor Predictive Maintenance (PdM) by real-time Explainable AI (XAI) and Deep Learning,Setor industrial de manufatura.,Manutenção preditiva (PdM) para classificação/detecção de falhas.,"A técnica auxilia ao recomendar/manter intervenções de manutenção direcionadas com base em dados em tempo real, além de explicar o critério de decisão do modelo via SHAP.","Dados privados/simulados, gerados pelos próprios autores.",Séries temporais multivariadas obtidas via fusão de dados de múltiplos sensores industriais contínuos (vibração e temperatura).,"Não mencionado de forma explícita como Edge, Cloud ou híbrido.",LSTM e LSTM-AE.,SHAP,Locais.,"Acurácia, Precisão, Recall (Sensibilidade), Matriz de Confusão e Curvas ROC.","A principal dificuldade reportada foi a ocorrência de classificações errôneas menores devido à sobreposição de limites (thresholds) dos sensores em condições de contorno (ex: assinaturas de vibração de desalinhamento podem se sobrepor às de um desgaste inicial da máquina). As lacunas apontadas incluem a necessidade de incorporar sensores de torque e acústicos , bem como integrar camadas de redes convolucionais (CNN) para o reconhecimento de padrões espectrais locais de forma a aprimorar a distinção nessas fronteiras de sobreposição."
Autonomous Robotic Systems in E-commerce Warehousing: A Machine-Learning Optimization Approach,Setor de Logística e E-commerce.,"Otimização de Sistemas Robóticos Autônomos, englobando alocação e sequenciamento de tarefas (pedidos), planejamento de rotas/navegação, coordenação de frotas, percepção/manipulação (pegar objetos) e agendamento de recarga/energia.","Auxilia ao otimizar alocação de tarefas, roteamento, batching de pedidos e decisões de navegação, além de fornecer dashboards interpretáveis e justificativas para decisões dos robôs, permitindo supervisão humana e override de ações inseguras ou ineficientes.",Benchmarks/simulações públicas e emuladores industriais. O artigo cita RWARE / TA-RWARE como benchmarks de simulação e emuladores industriais / digital twins (ex.: Dematic). Também menciona Dex-Net para tarefas de grasping.,"Estados espaço-temporais estruturados em grafo, dados de localização/bateria/status de robôs, tarefas e pedidos; dados de sensores; dados de visão/percepção (ex.: reconhecimento de SKU, barcode, grasping); e entradas estruturadas para otimização combinatória.",Híbrido / distribuído. O artigo menciona TinyML em edge (microcontroladores embarcados nos robôs) para inferência de baixa latência e também integração com cloud e ecossistemas IoT/5G e sistemas centrais de orquestração.,"CNNs (percepção/grasping), Deep Reinforcement Learning com DQN e Actor-Critic, Multi-Agent Reinforcement Learning (MARL) hierárquico (manager–worker) e Graph Neural Networks (GNNs). ","Saliency maps, surrogate models e explicações contrafactuais (counterfactual reasoning).",Ambos.,"Taxa de transferência (Throughput), Tempo médio de conclusão do pedido, Eficiência energética (kWh consumido por pedido), Taxa de colisões, Escalabilidade, Conformidade com SLA (entregas no prazo) e Confiança humana (Human trust)","A lacuna de transferência da simulação para a realidade (reality gap) , a falta de benchmarks/datasets universalmente aceitos devido à diversidade de layouts , preocupações éticas (deslocamento da força de trabalho e vieses algorítmicos na alocação) , vulnerabilidades crescentes de cibersegurança que exigem criptografia pós-quântica e a necessidade de aprimorar a sustentabilidade (frotas conscientes de energia e componentes recicláveis)."
BearFusionNet: AMulti-Stream Attention-Based Deep Learning Framework with Explainable AI for Accurate Detection of Bearing Casting Defects,Setor de Manufatura / Metalurgia.,"Detecção/classificação automática de defeitos de fundição para controle de qualidade, com menção também a utilidade em manutenção preditiva. ","Auxilia ao identificar automaticamente defeitos, destacar regiões relevantes do defeito com Grad-CAM, fornecer scores de confiança e permitir intervenções oportunas na linha de produção via monitoramento contínuo e detecção rápida. ",Público. Foi usado o dataset do Kaggle “Real-life Industrial Dataset of Casting Product Defects”. Link extraído do artigo: https://www.kaggle.com/datasets/ravirajsinh45/real-life-industrial-dataset-of-casting-product.,"Imagens em tons de cinza de peças fundidas de rolamentos; 1300 imagens originais 512 × 512, redimensionadas para 256 × 256; entrada do modelo convertida para 3 canais (RGB repetido). ","Sistema web em tempo real / implantação web-based, integrável a câmeras IoT e dashboard central.","Arquitetura híbrida multistream com CNNs: DenseNet201 + MobileNetV2 para extração de características, Multi-Head Self-Attention (MHSA, 4 cabeças) para fusão/atenção, e cabeça de classificação inspirada na VGG19 com camadas densas, dropout e softmax. Baselines: VGG19, MobileNetV2, NASNetMobile e DenseNet201. ",Grad-CAM,Locais.,"Acurácia, Cohen's kappa score, Precisão (Precision), Revocação (Recall), F1-Score e Custo Computacional (medido pelo tempo de treinamento e latência/tempo de inferência em segundos).","O alto custo computacional (tempo de treinamento e latência de inferência elevados) introduzido pela fusão profunda em comparação a modelos leves de única via. Outro desafio relatado para implementações no mundo real é a necessidade de atualizações e retreinamentos periódicos do modelo, uma vez que novos padrões de falha e variações nos defeitos tendem a evoluir com o tempo no ambiente de fábrica."
Building of transformer-based RUL predictors supported by explainability techniques: Application on real industrial datasets,"Setor Aeroespacial (motores Turbofan comerciais), Setor Ferroviário e de Transporte Público (compressores da Unidade de Produção de Ar de trens de metrô), e Setor Automotivo de Transporte de Carga (caminhões pesados) .","Manutenção Preditiva (PdM), com foco central na predição da Vida Útil Restante (RUL - Remaining Useful Life) e detecção antecipada de anomalias .","A técnica estende o horizonte de decisão para gestores de manutenção, permitindo planejar intervenções, retirar ativos de operação com antecedência (ex.: trem com pelo menos 2 horas), reduzir downtime e selecionar ações de manutenção com apoio das explicações. O artigo também afirma que especialistas podem usar as explicações para diagnosticar componentes, rastrear causas-raiz e selecionar ações apropriadas de manutenção.","Dados públicos, incluindo tanto simulações de benchmark quanto coleções reais da indústria . Os conjuntos de dados utilizados são o NASA Turbofan Jet Engine (https://doi.org/10.21227/pjh5-p424), o MetroPT do Metro do Porto (https://doi.org/10.5281/zenodo.6854240) e o SCANIA Component X (https://arxiv.org/abs/2401.15199) .",Séries temporais multivariadas e dados tabulares derivados de sensores/telemetria.,"Não mencionado de forma explícita como Edge, Cloud ou híbrido.","LSTM, Transformer + LSTM, MHA-LSTM.",LIME.,Locais.,"Raiz do Erro Quadrático Médio (RMSE), Acurácia, F1-Score (Macro), Pontuação Penalizada de Avaliação da NASA (Score) e uma métrica de Função de Perda Customizada que mede o Custo Total (Total Cost).","A dependência severa de grandes volumes de dados que as arquiteturas híbridas com Transformers possuem. O forte desbalanceamento de dados em contextos industriais (a raridade das falhas) obriga o uso de rotinas de subamostragem e perdas com pesos, e a natureza altamente abrupta em que ocorrem as degradações das máquinas reais limita drasticamente o poder de modelar a RUL com muitos dias de antecedência . Ademais, notou-se o desafio do modelo gerar predições superconfiantes (overconfidence)."
D2PdM:Data-Driven Predictive Maintenance - Comparative Evaluation of ML Algorithms in Industrial Automation,"Manufatura, Indústria Têxtil, Energia (Painéis Elétricos), Sistemas de Transporte (Esteiras industriais), Componentes Mecânicos (Rolamentos/Motores) e Automação Residencial (Smart Homes).","Manutenção Preditiva (PdM), com foco principal em Detecção de Falhas, Classificação de Anomalias e Previsão da Vida Útil Restante (RUL - Remaining Useful Life).","O sistema atua como um suporte à decisão traduzindo os resultados estatísticos do modelo para categorias operacionais diretas e acionáveis, como ""operar com segurança"", ""intervenção necessária"" ou ""desligamento aconselhado"". Isso sugere automaticamente ações como alterar a velocidade da máquina, agendar manutenção preventiva ou interromper as operações para evitar falhas catastróficas.","Os dados utilizados provêm de uma combinação de conjuntos de dados públicos de benchmark (como CWRU, PU e KAT) e dados privados/reais provenientes de sensores IoT em tempo real. Não há link de acesso aos datasets mencionado no texto.","Séries temporais de sensores e dados tabulares derivados, incluindo sinais de vibração, temperatura, corrente, voltagem, nível de óleo e gás; também são citadas pseudo-imagens geradas por reconstrução espacial para modelos CNN. ","Predominantemente cloud no fluxo descrito do sistema IoT, pois os sensores enviam dados via Wi-Fi para a nuvem, onde os modelos são executados; o artigo também menciona edge applications e edge AI/TinyML como adequados em alguns cenários, indicando um contexto potencialmente híbrido, mas a arquitetura principal do sistema proposto é descrita com processamento em cloud.","CNN, GRU, Bi-LSTM, Transformers, Autoencoders, GANs e modelos híbridos.",LIME e SHAP.,Locais.,"Accuracy, Precision, Recall, F1-Score, AUC, RMSE, MSE, matriz de confusão e matriz de correlação; o texto também apresenta indicadores operacionais como downtime, maintenance cost, MTBF, equipment availability, maintenance frequency e time to response.","Sinais ruidosos de sensores, dificuldade de detecção precoce por sinais fracos, necessidade de extração de atributos e pré-processamento eficazes, baixa interpretabilidade, suporte fraco a tempo real em trabalhos anteriores, pouca fusão multissensor e baixa adaptatividade, drift, datasets desbalanceados, dados de falha insuficientes, baixa qualidade dos dados e falsos alarmes."
Development and Validation of an Explainable Hybrid Deep Learning Model for Multiple-Fault Diagnosis in Intelligent Automotive Electronic Systems,Setor Automotivo.,"Diagnóstico de múltiplas falhas em sistemas eletrônicos automotivos, com identificação e localização da causa-raiz, reduzindo erros de diagnóstico e apoiando manutenção preventiva.","A técnica fornece diagnóstico com tipo de falha, nível de confiança e recomendação; além disso, as explicações convertem os sinais mais relevantes em ações de manutenção, como inspeção do sistema de admissão, medição da pressão da linha de combustível, verificação do sensor de oxigênio e checagem da bobina de ignição.","Dados mistos, combinando dados simulados e dados reais/proprietários. O estudo usa simulação em MATLAB/Simulink e CarSim, testes físicos com injeção de falhas em veículos reais e dados históricos de oficinas (DTCs, relatórios de reparo e trocas de peças). Os dados não são públicos; a seção de disponibilidade informa que estão disponíveis sob solicitação ao autor correspondente, mas não publicamente por razões de privacidade e confidencialidade.","Dados multimodais, incluindo séries temporais de múltiplos sensores, imagens/dados tempo-frequência, características no domínio da frequência (FFT), características tempo-frequência por wavelet, DTCs, dados de status do veículo, dados de rede veicular, dados OBD e dados históricos de manutenção. ","Arquitetura híbrida. O artigo afirma explicitamente viabilidade em ambientes embarcados e em plataformas cloud-based; também menciona integração futura com edge-computing devices e cloud-assisted platforms. Em latência, reporta 72,1 ms em GPU NVIDIA RTX 4070, 185 ms em CPU Intel i9-13900K, cerca de 70 ms adicionais do componente Transformer em hardware embarcado e latência end-to-end abaixo de 80 ms em setup HIL com GPU embarcada.",CNN–LSTM–Transformer.,"LIME, SHAP e visualização do mecanismo de atenção (attention visualization/heatmaps).",Ambos.,"Para avaliar o sucesso do modelo preditivo, foram utilizadas Acurácia, Precisão, Recall, F1-Score, Matriz de Confusão, Área Sob a Curva ROC (AUC) e Latência de Inferência (ms). Para avaliar o sucesso e a qualidade da explicação (XAI), foram utilizadas a métrica de Fidelidade (SHAP fidelity score), Estabilidade (correlação de Pearson de perturbações repetidas) e métricas de validação prática de usabilidade, como redução percentual no tempo de diagnóstico e aumento da confiança auto-relatada pelos técnicos.","O artigo reporta desbalanceamento do dataset, especialmente em falhas compostas raras; ruído de rotulagem em dados históricos de manutenção; possível queda de 3–5% de acurácia sob condições extremas de temperatura e umidade devido a sensor drift e data-distribution shift; necessidade de validação fora de Taiwan; queda média de cerca de 3% em categorias de falha não vistas; maior custo computacional do Transformer; restrições para aplicações embarcadas/on-board de ultra-baixo consumo; ausência de compressão de modelo e calibração de incerteza na versão atual."
DIGITAL TWIN–BASED INTELLIGENT MONITORING OF INDUSTRIAL SYSTEMS USING EXPLAINABLE AI,"Automação industrial / monitoramento inteligente de sistemas industriais em contexto de Indústria 4.0 e sistemas ciberfísicos, com ativos instrumentados por sensores IIoT para manutenção preditiva e monitoramento de condição.","Manutenção preditiva e detecção de anomalias/falhas em tempo real, com foco em monitoramento contínuo, diagnóstico de falhas e identificação precoce de problemas antes de interrupções do sistema. ","A técnica auxilia ao classificar o estado como normal ou anômalo, disparar alertas quando há anomalia, indicar quais sensores/parâmetros mais influenciaram a predição, apoiar análise de causa-raiz e alimentar o agendador de manutenção, melhorando o planejamento de manutenção e a decisão humana em loop. ","Dados privados/simulados em ambiente controlado. Foi utilizada uma bancada de testes industrial gerando 120 horas de dados, onde falhas operacionais como desalinhamento, desbalanceamento e superaquecimento foram criadas artificialmente.","Séries temporais contínuas extraídas de sensores da IIoT, incluindo dados de vibração, temperatura, pressão, acústica e velocidade rotacional.",Edge Computing. O artigo afirma explicitamente processamento em nível de borda com dispositivos NVIDIA Jetson para inferência em tempo real.,LSTM combinado com camadas fully connected em uma arquitetura mista para aprendizado sequencial e detecção de anomalias.,SHAP e LIME,Locais.,"Acurácia, Precisão, Recall, F1-score, Taxa de Falsos Alarmes (False Alarm Rate) e Latência de Detecção (medida em milissegundos)","O artigo aponta baixa adaptabilidade e pouca explicabilidade em soluções anteriores, falta de estruturas end-to-end integradas, dependência de estudos em ambientes artificiais, necessidade de distinguir correlação de causalidade real, validação atual restrita a datasets limitados e ambientes controlados/semi-controlados, dificuldade de capturar a complexidade de fábricas heterogêneas em larga escala, overhead computacional de gêmeos digitais de alta fidelidade, limitações de dispositivos edge com poucos recursos, além de questões de privacidade de dados e computação ineficiente em implantações em edge resource-constrained. "
Evaluating eXplainable artificial intelligence tools for hard disk drive predictive maintenance,"Centros de dados / infraestrutura de armazenamento digital, com foco em hard disk drives (HDDs) usados como principal tipo de armazenamento em data centers.","Manutenção preditiva com estimativa de vida útil remanescente (RUL) e avaliação do nível de saúde de HDDs para antecipar falhas, reduzir downtime, minimizar perda de dados e otimizar custos de manutenção.","A técnica apoia o praticante ao explicar quais atributos S.M.A.R.T. influenciaram a predição, permitindo decidir a ação de manutenção adequada, explicitamente citada como “read-only disk”, substituição do disco ou manutenção. ","Público. O estudo utiliza o Backblaze dataset, descrito como um conjunto real com dados diários de 50.984 discos. Link extraído: https://www.backblaze.com/b2/hard-drive-test-data.html","Dados estruturados tridimensionais (amostras, passos de tempo, características) baseados em séries temporais. Os dados de entrada são atributos do sistema S.M.A.R.T. (Self-Monitoring, Analysis and Reporting Technology) coletados diariamente dos discos rígidos.","Não mencionado de forma explícita como Edge, Cloud ou híbrido.",LSTM,"SHAP e LIME; mais especificamente, SHAP com DeepExplainer e LIME com RecurrentTabularExplainer. ",Ambos.,"O modelo de predição foi avaliado por Acurácia, Precisão, Recall e F1-Score. O sucesso das explicações (XAI) foi medido quantitativamente pelos axiomas de Identidade (Identity), Estabilidade (Stability) e Separabilidade (Separability).",As principais limitações reportadas são: opacidade dos modelos deep learning; restrição das técnicas de XAI para lidar com dados tridimensionais; falta de medidas quantitativas completas de completude e correção das explicações; necessidade de avaliação com usuários humanos no loop e explicações customizadas por perfil de usuário; questões de confiança do modelo e possíveis vieses no processo de aprendizado; necessidade de validação com especialistas e em mais datasets reais.
Explainable AI-Driven Quality and Condition Monitoring in Smart Manufacturing,Manufatura Inteligente.,"Controle de Qualidade, focando na classificação e localização automatizada de defeitos visuais, e Monitoramento de Condição com foco em Manutenção Preditiva através da detecção não supervisionada de anomalias acústicas.","A técnica fornece justificativa auditável e fisicamente interpretável para a decisão do modelo, mostrando regiões de defeito relevantes em imagens e, no caso acústico, quais atributos espectrais/energéticos motivaram o alerta; isso apoia diagnóstico, validação humana, troubleshooting, possível sugestão de ação corretiva no contexto HITL e redução de downtime.","Os dados são públicos baseados em benchmarks abertos. Foram aplicados três conjuntos: o Casting Product Dataset disponível em https://www.kaggle.com/datasets/ravirajsinh45/real-life-industrial-dataset-of-casting-product, o GC10-DET (Defects Class and Location) disponível em https://www.kaggle.com/datasets/zhangyunsheng/defects-class-and-location, e o MIMII Dataset disponível em https://zenodo.org/records/3384388.","Imagens em tons de cinza (300×300) para classificação de fundição, imagens coloridas com bounding boxes para detecção/localização de defeitos em superfícies metálicas e séries temporais acústicas/áudio (com extração de RMS, ZCR, centroid, bandwidth e MFCC1–3).","Não mencionado de forma explícita como Edge, Cloud ou híbrido.","YOLOv8n (classificação visual; CNN leve), Faster R-CNN com backbone ResNet-50 + FPN (detecção/localização visual).","Grad-CAM, Integrated Gradients, Saliency Maps, Occlusion Sensitivity (visão) e SHAP (áudio/acústico).",Ambos.,"O sucesso do modelo de classificação e detecção foi mensurado utilizando Acurácia, Precisão, Recall, F1-Score, mIoU, mAP, Matriz de Confusão, Área Sob a Curva ROC (AUC) e Curva Precision-Recall.","O artigo reporta como limitações/desafios: escassez de dados rotulados para falhas em ambientes industriais (motivando uso não supervisionado), sensibilidade/ruído e discrepâncias entre métodos de XAI (explicações complementares, não definitivas), atenção parcial a reflexos de fundo em amostras brilhantes (viés/model bias), necessidade de refinamento de dataset, falta de métricas quantitativas próprias de XAI no estudo, ausência de avaliação empírica de confiança/empoderamento do operador por user studies, necessidade de maior integração HITL, e direções futuras em explicabilidade causal/contrafactual, fusão multimodal e integração com digital twins. "
Explainable and interpretable bearing fault classification and diagnosis under limited data,Manutenção industrial.,Detecção e classificação de falhas em rolamentos e monitoramento da degradação através da construção de um Índice de Saúde (Health Index).,"A técnica auxilia ao indicar quando a máquina deixa o estado saudável, classificar o estágio de degradação, identificar o tipo de falha por harmônicos característicos e gerar um log interpretável com matrizes de correlação, kurtogramas e FFTs, permitindo que equipes de manutenção planejem paradas e substituições com antecedência.",Públicos (benchmarks). Foram utilizados os conjuntos de dados de rolamentos IMS (Intelligent Maintenance Systems) e XJTU-SY.,Séries temporais de sensores (dados brutos de vibração e aceleração contínua medidos em G's).,"Não mencionado de forma explícita como Edge, Cloud ou híbrido.","Autoencoders, MS2AE","Análise de Matrizes de Correlação para relacionar a saída da rede a características físicas, combinada com Dynamic Time Warping (DTW)  e Kurtogramas para extrair e explicar as assinaturas de falhas específicas",Globais.,"Análise de Matrizes de Correlação para relacionar a saída da rede a características físicas, combinada com Dynamic Time Warping (DTW) e Kurtogramas para extrair e explicar as assinaturas de falhas específicas","As principais limitações reportadas são a necessidade de intervenção humana para ajuste de parâmetros, seleção da estrutura do modelo, cálculo do threshold e fornecimento de informações da máquina (geometria e condições operacionais); a seleção manual das features tradicionais usadas na análise de correlação; a sensibilidade à quantidade de amostras saudáveis escolhidas para treino; e a necessidade de validação/deploy em instalações industriais reais. Como trabalho futuro, os autores propõem API, ferramenta web e implantação em ambiente industrial real."
Explainable anomaly detection for Hot-rolling industrial process*,Setor Siderúrgico.,Detecção de anomalias (identificação de estados anormais durante o processamento) e suporte para Manutenção Preditiva (PdM).,"A técnica detecta medições/processos anômalos e indica a origem provável da anomalia por meio de explicações baseadas em variáveis de entrada, permitindo definir ações de manutenção mais adequadas, prevenir recorrência e até incorporar o custo/risco anômalo no planejamento de produção.",Dados mistos compreendendo um dataset simulado (gerado pelos próprios autores para testes) e um dataset de dados privados/proprietários reais advindos do processo de laminação a quente da indústria ArcelorMittal Poland.,"Dados multivariados combinando características estáticas (como propriedades constantes da bobina de aço) e dados de séries temporais sequenciais (como temperatura, velocidade e força de laminação ao longo do tempo).","Não mencionado de forma explícita como Edge, Cloud ou híbrido.",Arquitetura híbrida de Quasi-Autoencoder composta pela integração de redes neurais recorrentes do tipo LSTM.,SHAP com TreeExplainer,Ambos.,"ara o modelo preditivo e de reconstrução foram empregados R-Squared (R2), Erro Absoluto Médio, Precisão, Recall (Revocação) e F1-Score. O sucesso das detecções reais foi validado via inspeção e classificação manual por especialistas","Os autores destacam como dificuldades principais: dados industriais geralmente não rotulados; forte desbalanceamento entre eventos normais e anômalos; complexidade do processo com relações não lineares; necessidade de explicar a origem da anomalia para que a decisão seja útil; risco de classificar produtos raros como anomalias por cobertura insuficiente do treinamento; necessidade de tratar sequências de comprimentos diferentes; ausência de ground truth para anomalias reais, exigindo validação manual; e dependência de ajuste de threshold para equilibrar falsos alarmes e alarmes perdidos. Como lacunas/futuro, o artigo propõe testar outras arquiteturas (como CNN e Transformers) e reestruturar os dados como sequências bidimensionais."
Explainable Deep Learning for Bearing Fault Diagnosis: Architectural Superiority of ResNet-1D Validated by SHAP,Setor de Manufatura e Maquinário Rotativo.,Manutenção Preditiva (PdM) baseada na Detecção e Diagnóstico de Falhas.,"A técnica classifica automaticamente o estado do rolamento e fornece justificativa interpretável da decisão via SHAP, mostrando quais atributos estatísticos impulsionam o alarme; isso aumenta confiança, auditabilidade e validação física do diagnóstico para manutenção baseada em evidências. ","Os dados são públicos (provenientes de condições laboratoriais controladas). O estudo utiliza o dataset ""Vibrations signals of a ball bearing fault"" hospedado no repositório Zenodo. O link disponibilizado é: https://doi.org/10.5281/zenodo.16842422.","Dados tabulares baseados em séries temporais. O modelo consome um vetor compacto de 15 características estatísticas (como RMS, Pico e Fator de Crista) extraídas no domínio do tempo a partir de três sensores de vibração e temperatura.",A solução é projetada visando implantações em Edge Computing (computação de borda).,"NN-MLP, 1D-CNN e ResNet-1D.",SHAP,Ambos.,"Para o desempenho preditivo, foram empregadas as métricas de Acurácia, F1-Score (Macro), AUC (Macro) e Curvas ROC.","Limitações principais: dependência de dados de laboratório controlados, com possível perda de generalização em condições reais (variação de carga, velocidade e ruído industrial); análise monosensorial, usando apenas vibração e temperatura; ausência de fusão multimodal; e maior custo computacional do ResNet-1D, o que dificulta implantação imediata em edge devices muito restritos. Como lacunas/futuro, os autores sugerem validação em outros datasets industriais, otimização por quantização/distillation para edge computing e extensão com outras técnicas de XAI além de SHAP."
Explainable Deep Reinforcement Learning Enhancing Industrial Maintenance,Setor de Manufatura.,"Manutenção Preventiva e otimização de políticas de manutenção, com foco na minimização de custos operacionais, redução de tempo de inatividade e extensão do ciclo de vida útil do equipamento.","O agente DRL recomenda quando executar ou não manutenção preventiva (ação binária por máquina) e o componente XAI (SHAP via modelo substituto) explica quantitativamente quais variáveis do estado (ex.: Failure Probability, Corrective Maintenance Ratio) levaram à recomendação, permitindo validação humana e aumento de confiança do operador.","Dados simulados. O treinamento e os testes foram conduzidos em um ambiente Markov Decision Process (MDP) customizado, construído em Python com a biblioteca Gymnasium, onde o comportamento de falha do equipamento foi gerado artificialmente utilizando a distribuição de Weibull. Não há link de dataset fornecido.","Dados tabulares vetoriais de estado, contemplando variáveis contínuas que representam a idade do equipamento e o seu nível/estado de saúde (degradação).","Não mencionado de forma explícita como Edge, Cloud ou híbrido.","Deep Reinforcement Learning (Aprendizado por Reforço Profundo), utilizando estritamente o algoritmo PPO (Proximal Policy Optimization) estruturado sobre redes neurais Multi-Layer Perceptron (MLP).",SHAP,Ambos.,"O sucesso do agente (modelo) é medido por meio da Recompensa Cumulativa, Recompensa Média (Mean Reward) e Comprimento do Episódio (Episode Length).","Adoção industrial limitada por falta de transparência/interpretabilidade em DRL; necessidade de confiança do operador; o estudo é baseado em simulação, restando incerteza sobre eficácia em ambiente real; a suposição de que interpretabilidade garante aceitação do operador precisa ser validada com estudos dedicados/experimentos de campo; necessidade futura de aplicar em contextos industriais mais diversos e migrar de indicadores agregados para dados mais granulares por máquina para previsões mais precisas."
Fault Detection and Diagnosis using AutoEncoders and Interpretable AI - Case Study on an Industrial Chiller,Setor Farmacêutico.,"Detecção e Diagnóstico de Falhas, formulado especificamente como uma tarefa de Detecção de Anomalias.","O sistema utiliza um painel interativo (dashboard) que emite alertas e justificativas visuais. Ao detectar uma anomalia, o sistema fornece pontuações de importância e ranqueia as variáveis que mais contribuíram para o desvio (erro de reconstrução), apontando a provável causa raiz e guiando o operador sobre qual componente ou sensor investigar.","O framework foi primeiramente validado em dados públicos simulados do benchmark Tennessee Eastman Process (TEP) e, em seguida, avaliado em um conjunto de dados privado/proprietário coletado diretamente do chiller industrial real.","Séries temporais multivariadas. Os dados operacionais do chiller consistem em 26 variáveis contínuas provenientes de sensores (ex: temperaturas, pressões, correntes e frequências), amostradas com periodicidade de 1 hora ao longo de um ano.","Não mencionado de forma explícita como Edge, Cloud ou híbrido.",Autoencoders (utilizados como modelos não supervisionados de reconstrução).,SHAP,Locais.,"Erro de Reconstrução, analisado em conjunto com limiares estatísticos (Média, Mediana e Desvio Padrão). Métricas tradicionais de classificação preditiva (Acurácia, F1-Score) e métricas matemáticas para avaliar a fidelidade das explicações da IA não foram mencionadas.",Baixa adoção industrial por falta de interpretabilidade de modelos black-box; dificuldade de obter dados de falha em plantas reais (motivando método não supervisionado); escassez de estudos demonstrando usabilidade de XAI em ambiente industrial real e em tempo real; necessidade futura de abordagens ensemble com decision fusion para aumentar confiabilidade e confiança no diagnóstico. 
Fault Detection of Cyber-Physical Systems Using a Transfer Learning Method Based on Pre-Trained Transformers,Setor de Tratamento de Água e Sistemas Ciberfísicos.,"Detecção de Falhas em Sistemas Ciberfísicos (CPS), abordando tanto anomalias operacionais quanto cenários de ataques ciberfísicos aos componentes do sistema.","O modelo detecta condição anômala e, para aumentar transparência, aplica SHAP para atribuir a contribuição de cada feature de entrada na predição, permitindo interpretar o “porquê” do alerta e apoiar decisão em nível de sistema (interpretação/diagnóstico e suporte ao planejamento orientado por dados).","Os dados são públicos (benchmarks) e provêm de uma réplica de laboratório. Foram utilizados os conjuntos de dados SWaT.A1 e SWaT.A6, desenvolvidos pelo iTrust (Centre for Research in Cyber Security) da Singapore University of Technology and Design. O artigo não fornece um link URL direto para o dataset, informando apenas o repositório do código-fonte no GitHub (https://github.com/pooyasa/pre-trained-trasformer-fd).","Séries temporais sequenciais e multivariadas. Os dados compreendem leituras contínuas de sensores (como medidores de fluxo, indicadores de nível de água, sensores de pressão), estados de atuadores (bombas e válvulas motorizadas) e tráfego de rede, amostrados em intervalos de um segundo.","Não mencionado de forma explícita como Edge, Cloud ou híbrido.","Transformer pré-treinado com transfer learning (fine-tuning end-to-end), usando arquitetura simplificada com um único encoder e um único decoder (com multi-head attention e positional encoding) + camadas fully connected para classificação; baselines citados incluem CNN e LSTM.",SHAP,Ambos.,"O sucesso preditivo do modelo foi avaliado com Acurácia, Precisão, Revocação (Recall), F1-Score e Área Sob a Curva ROC (AUC).","Escassez de dados rotulados de falha e forte desbalanceamento; domain shift entre dados de laboratório (fonte) e condições operacionais reais (alvo); dificuldade/custo de coletar e rotular dados de falhas em ambientes industriais; necessidade de interpretabilidade para adoção em aplicações críticas; transformadores exigem muitos dados, motivando transfer learning e simplificação arquitetural para pequenos datasets."
Federated learning with prototype learning for RUL prediction of engine turbine blade,Setor Aeroespacial.,Predição da Vida Útil Restante (RUL - Remaining Useful Life) e gestão inteligente da saúde/manutenção de componentes.,"O método estima RUL a partir de um Health Index (HI) fusionado e identifica pontos de mudança (change points) para segmentar estágios de degradação; a interpretabilidade via SHAP quantifica contribuição de variáveis (ex.: temperatura, tensão/stress, EGTM, AOC, DN2) e usa heatmap/correlação e análise de deformação para apoiar interpretação física e decisões de manutenção/operação. ",Privados/proprietários.,"Séries temporais multivariadas de sensores operacionais (QAR: N1, N2, EGT, T25, P3, T3, etc.) + dados físicos derivados de simulação (temperatura e stress máximos, espectros/índices de dano por creep) produzidos por digital twin; os dados são normalizados e fusionados em um HI (combinação de Ds e Dp). ","Não mencionado de forma explícita como Edge, Cloud ou híbrido.",Redes Neurais Informadas pela Física (PINN - Physics-Informed Neural Networks) customizadas através da integração da arquitetura Transformer (utilizando blocos codificadores e mecanismos de Autoatenção). Tudo executado por cima da arquitetura base de FedProx otimizada.,SHAP,Ambos.,"Para o modelo e sua predição, utilizou-se Erro Percentual Absoluto Médio (MAPE), Raiz do Erro Quadrático Médio (RMSE), Erro Quadrático Médio (MSE), Erro Absoluto Médio (MAE), Coeficiente de Determinação (R²), Taxa de Cobertura de Intervalo, Acurácia (para o detector de mudança/concept drift) e Latência de Treinamento/Tempo de Execução Computacional (medido em segundos).","Falta de interpretabilidade em métodos de vida útil; necessidade de analisar degradação multiestágio; restrições de privacidade e multipropriedade dos dados (holders relutantes em compartilhar); não-IID e condições dinâmicas dificultando FL tradicional; complexidade/viés de modelos físicos em ambiente dinâmico; necessidade de parâmetros definidos por especialistas (ex.: pesos w1/w2 do HI e pesos da loss), além de trade-off desempenho vs. custo computacional (communication rounds/runtime) e necessidade de mecanismos para evitar catastrophic forgetting (knowledge distillation)."
GenAD-SM: optimized transformer-VAE model for precision anomaly detection for smart manufacturing in industry 5.0,Manufatura inteligente.,"Detecção de Anomalias e Manutenção Preditiva, com foco em identificar falhas operacionais, como superaquecimento, vibração excessiva, falhas elétricas e quedas de pressão, antes que causem tempo de inatividade.","O modelo sinaliza anomalia por reconstruction error do VAE e fornece explicações por atribuição de features via SHAP, apontando quais variáveis (ex.: vibração, temperatura, pressão, energia, downtime risk) motivaram o alarme, suportando decisão transparente do operador.","Dados privados/proprietários. O modelo utilizou dados operacionais em tempo real de equipamentos de manufatura (cerca de 100.000 registros), capturados via sistemas SCADA.","Séries temporais multivariadas e dados heterogêneos. O conjunto inclui dados contínuos de sensores (temperatura, vibração, pressão, consumo de energia, umidade), dados categóricos (status da máquina, tipo de falha), dados binários (sinalizador de anomalia) e ordem temporal via timestamps.",O modelo foi treinado e avaliado em ambiente de Nuvem/Workstation (Google Colab utilizando GPUs NVIDIA Tesla T4).,"Variational Autoencoder (VAE) otimizado por uma meta-heurística chamada Football Player Optimization Algorithm (FPOA), com a arquitetura descrita englobando mecanismos Transformer (GenAD-SM optimized transformer-VAE) para processamento aprimorado dos dados.",SHAP,Locais.,"Para avaliar o sucesso preditivo do modelo, foram utilizadas as métricas de Erro de Reconstrução (MSE), Acurácia, Precisão, Recall, F1-Score, Curvas Precision-Recall (AP) e Área sob a Curva ROC (AUC).","Necessidade de interpretabilidade e confiança do operador (black-box prejudica adoção); dificuldade com class imbalance (raridade de anomalias) e risco de falsos negativos; limitação do VAE padrão em capturar dependências temporais e lidar com dados mistos (contínuos, categóricos, binários) sem adaptações; trade-off do tamanho do espaço latente (perda de detalhe vs overfitting/ruído); desafios de custo computacional/implantação em tempo real e robustez a ruído/drift."
Hybrid Condition Monitoring for IIoT Applications,"Setor industrial de maquinário rotativo, com foco específico no monitoramento acústico de motores elétricos.","Detecção e isolamento de falhas (fault detection and isolation) via classificação de estados operacionais do equipamento (good, heavy load, broken) para suportar manutenção preditiva (PdM) com decisões em tempo real e robustez a ruído.","A abordagem identifica frequências de entrada mais relevantes para a decisão usando XAI (attribution scores), reduz o conjunto de features e treina um classificador mais leve; além disso, melhora a confiabilidade da decisão ao modelar a dinâmica como HMM e aplicar Viterbi para decodificar a sequência de estados mais provável, reduzindo oscilações/erros pontuais em presença de ruído.","Público. Dataset IDMT-ISA-ELECTRIC-ENGINE para monitoramento acústico de motores elétricos; link direto do dataset não é fornecido no texto, mas o repositório do código é informado: https://github.com/marckonick/Hybrid%20CM%20for%20IIoT%20Applications .",Séries temporais de áudio consistindo em gravações sonoras dos equipamentos. Estes sinais brutos são convertidos e processados através da Transformada Rápida de Fourier (FFT) para a extração de características no domínio da frequência.,"Edge Computing explícito: pipeline completo (extração de features + classificação + inferência sequencial) implementado em microcontrolador ESP32 (Arduino ESP32-WROOM-32U). O texto contrasta cloud vs edge e aponta limitações de cloud (dependência de rede/banda, cibersegurança, custo) e desafios de edge (restrições de memória e computação, necessidade de compressão do modelo/dados). Na implementação, reporta uso de ~9% de RAM e ~52% de FLASH no ESP32 e “sem perda de desempenho”.","Rede neural feedforward simples (NN) com 1 camada oculta (10 neurônios, ReLU) e camada de saída softmax (3 classes).",Gradient SHAP (GSHAP).,Ambos.,"Para avaliar o desempenho de classificação do modelo, foi utilizada a métrica de Acurácia (Accuracy) frente a diversos níveis de ruído. Do ponto de vista de eficiência de infraestrutura, os autores mediram o consumo de memória RAM (9%) e FLASH (52%) no dispositivo.","Limitações de cloud (rede/banda, cibersegurança e custo) e obstáculos de edge (restrições de computação e memória, compressão podendo reduzir acurácia). No método, há limitação natural da inferência sequencial (Viterbi) quando erros ocorrem consecutivamente por períodos longos; no stress test os ganhos são menores. Como futuro, propõe estender para outros tipos de sensores/dados e usar filtragem adaptativa de ruído em sistemas industriais mais complexos."
Intelligent Bearing System Health Monitoring for Smart Manufacturing Conveyors,Manufatura inteligente.,"Manutenção Preditiva focada no monitoramento de condições em tempo real, detecção de anomalias (desvios dos padrões operacionais normais) e classificação de falhas mecânicas.","O sistema emite justificativas visuais (através de mapas de saliência e SHAP) mostrando o impacto e a contribuição temporal de cada característica na predição. Isso permite rastrear falhas até anomalias específicas, fornecendo insights acionáveis para o operador e acionando ajustes operacionais automatizados, como a modificação da lubrificação com base nas pontuações de importância dos sensores.",Dados reais de testbed (Festo conveyor system) + dataset público “NASA Bearing Dataset” (IMS) com link Kaggle: https://www.kaggle.com/datasets/vinayak123tyagi/bearing-dataset . ,"Séries temporais multissensoriais de condição: vibração, temperatura, acústico, deslocamento, além de variáveis de carga e lubrificação; há também fusão de sensores e pré-processamento (normalização/denoising).","Edge Computing explicitamente: coleta em tempo real usando Raspberry Pi 4 (nós de borda) com transmissão sem fio para um gateway central; desafios citados incluem recursos computacionais limitados em dispositivos inteligentes, escalabilidade e necessidade de otimizar protocolos de transmissão e integração com nuvem para grandes redes fabris;","Autoencoder (AE), Variational Autoencoder (VAE) e LSTM.","SHAP, LIME e Mapas de Saliência.",Ambos.,"O sucesso foi medido através da Acurácia na detecção de anomalias (alcançando o patamar de 95%), Precisão da classificação de falhas, Latência de inferência na borda (edge inference latency) e Taxa de anomalia acompanhada ao longo de múltiplas iterações operacionais.","Condições industriais severas, restrições de computação em dispositivos (edge), preocupações de escalabilidade em ambientes ricos em sensores; para escala em fábrica ampla, necessidade de otimização de protocolos de transmissão de dados e integração cloud-based; necessidade de interpretabilidade para confiabilidade/aceitação do sistema em decisões de manutenção. "
Intelligent diagnosis of hot-rolled strip steel convexity faults based on hierarchical attention cycle graph networks and causal inference,Setor Siderúrgico e Metalúrgico.,"Diagnóstico de Falhas e Controle de Qualidade (identificação, classificação e rastreamento de defeitos de convexidade no aço).","Fornece rastreamento da causa raiz do problema (fault tracing). A técnica revela a cadeia de propagação das falhas construindo um grafo de relações causais, permitindo aos engenheiros e operadores visualizar de forma transparente qual equipamento ou parâmetro físico exato desencadeou a anomalia de qualidade, orientando a ação corretiva.","Dados privados/proprietários. Foram coletados da linha de produção real de laminação a quente (linha 2250) da usina siderúrgica Baotou Steel Union Co., Ltd., na China. Não há link disponibilizado.","Séries temporais multivariadas provenientes de sensores. O dataset é composto por 422 parâmetros, contemplando tanto dados dinâmicos das estações de laminação (temperatura, força de flexão, pressão) quanto características estáticas das placas (largura, espessura).","Não mencionado de forma explícita como Edge, Cloud ou híbrido.","Arquitetura híbrida (nomeada HARGNN) construída através da integração de Redes Neurais em Grafos (GCN - Graph Convolutional Networks), unidades recorrentes GRU (Gated Recurrent Units) e um mecanismo de Atenção Hierárquica.",Inferência Causal embasada na construção de Grafos Direcionados Acíclicos (DAGs). O método extrai a estrutura de explicabilidade através do Algoritmo PC (Peter-Clark) associado a Redes Bayesianas.,Globais.,"O sucesso do modelo é medido por Acurácia, Precisão, Recall (Revocação), F1-Score, Taxa de Falsos Alarmes (FAR), Taxa de Falsos Negativos/Omissão (MAR - Miss Alarm Rate) e Tempo Computacional de teste e treinamento.","Complexidade do processo com evolução dinâmica e forte acoplamento multifatorial; alta dimensionalidade, não linearidade e propagação/cumulatividade entre stands; desbalanceamento severo entre classes; limitações de explicações baseadas apenas em correlação (ex.: SHAP/atenção) para orientar causa raiz; necessidade de sair do “black box” para decisões transparentes; desafios adicionais citados para inferência causal incluem qualidade de dados, eficiência computacional e presença de fatores de confusão não observados."
INTERPRETABLE TRANSFORMER-BASED VIBRATION ANALYSIS FOR ANOMALY DETECTION IN INDUSTRIAL SYSTEMS,"Sistemas industriais mecânicos em geral, com foco no monitoramento de componentes de maquinário como motores, eixos e rolamentos.",Detecção de anomalias/falhas em máquinas industriais a partir de vibração para diagnóstico de falhas e suporte à manutenção preditiva.,"O sistema utiliza o método SHAP para quantificar a influência de cada variável nas predições, permitindo que os operadores identifiquem a causa de uma anomalia de forma transparente (como identificar desgaste mecânico precoce através dos níveis de curtose e assimetria do sinal). Isso aumenta a confiança, reduz o tempo de decisão e permite focar em planos de manutenção corretiva direcionados.","Público (“publicly available industrial vibration datasets”); o artigo descreve um dataset com 10.000 amostras de séries temporais (1024 pontos, taxa 1 kHz) contendo estados normal e falho, mas não fornece link/URL do dataset","Séries temporais compostas por sinais de vibração brutos, convertidos em características (features) extraídas nos domínios do tempo e da frequência após decomposição pelas técnicas WT-VMD.","Não mencionado de forma explícita como Edge, Cloud ou híbrido.",Arquitetura baseada em Transformers focada na utilização do mecanismo de Autoatenção Multi-Cabeças (Multi-Head Self-Attention - MHSA) integrado a redes neurais Feedforward (FFN).,SHAP,Ambos.,"Para avaliar o desempenho do modelo de classificação, utilizou-se Acurácia, Precisão, Recall (Sensibilidade) e F1-Score. Para o desempenho preditivo do XAI, adotou-se a métrica de Fidelidade da Explicação SHAP (SHAP Explanation Fidelity). Complementarmente, o pré-processamento de sinais foi medido por Relação Sinal-Ruído (SNR), Redução de Ruído e Tempo Computacional.","Complexidade computacional do Transformer (MHSA e múltiplas camadas) dificultando implantação em tempo real com recursos limitados e escalabilidade na inferência; generalização não suficientemente testada em diferentes máquinas/condições operacionais; SHAP pode não capturar completamente relações complexas e o cálculo de SHAP em grandes volumes de dados pode ser caro computacionalmente, impactando uso em tempo real."
KAN-Based Tool Wear Modeling with Adaptive Complexity and Symbolic Interpretability in CNC Turning Processes,Setor de Manufatura Inteligente / Usinagem.,Modelagem e predição de desgaste de ferramenta (desgaste de flanco) visando a manutenção proativa e a otimização do processo de usinagem.,"O framework com KAN gera expressões matemáticas simbólicas “white-box” que relacionam parâmetros de corte (feed rate, depth of cut, cutting speed) ao desgaste, permitindo decisão transparente sobre ajuste de parâmetros e planejamento de manutenção/just-in-time maintenance (em vez de apenas uma predição black-box). ",Público (Kaggle) + versão pré-processada disponibilizada em repositório GitHub. Links extraídos do texto: https://www.kaggle.com/datasets/drganeshkumars/flank-wear-of-cnc-lathe-tool-insert-dataset e https://github.com/567ZYC/Data-Processing-and-Explanation-for-Flank-Wear-of-CNC-Lathe-Tool-Insert-Dataset- .,"Dados tabulares estruturados compostos por grandezas físicas e parâmetros operacionais contínuos (taxa de avanço, profundidade de corte, velocidade da máquina, forças de corte nos eixos X/Y/Z, temperatura na zona de contato, e marcações de tempo/passos) pareados com medições da profundidade do desgaste da ferramenta.","Não mencionado de forma explícita como Edge, Cloud ou híbrido.","Kolmogorov–Arnold Networks (KANs) em três variantes (KAN-A, KAN-B, KAN-C) para regressão de desgaste; modelos MLP (MLP-A/B/C) são usados como baseline comparativo. ","Interpretabilidade Simbólica Matemática nativa (White-box). Não foram empregados métodos explicativos gerados a posteriori (como SHAP ou LIME); o próprio modelo treina, substitui os dados e gera fórmulas algébricas simplificadas explícitas e visíveis.",Globais.,"Para aferição do modelo preditivo e dos erros, foram empregadas Erro Quadrático Médio (MSE), Erro Absoluto Médio (MAE), Erro Percentual Absoluto Médio Simétrico (sMAPE), Erro Absoluto Máximo (MaxAE), Coeficiente de Determinação ($R^2$), $R^2$ Ajustado e Tempo de Execução Computacional (Runtime). Não mencionado o uso de métricas matemáticas direcionadas apenas ao aspecto explicativo.","Limitações destacadas incluem: (i) modelos físicos clássicos têm suposições simplificadas e pouca adaptabilidade; (ii) ML/DL tradicionais sofrem com baixa interpretabilidade (barreira para adoção industrial); (iii) a conversão simbólica do KAN não impõe restrições físicas, podendo gerar previsões fisicamente inválidas (ex.: flank wear negativo em certas regiões); (iv) validade das fórmulas é dependente do range do dataset e não é garantida fora do intervalo de treino; (v) há trade-off precisão vs. ruído ao aumentar precisão dos coeficientes na fórmula."
LogicLSTM: Logically-driven long short-term memory model for fault diagnosis in gearboxes,"Setor de Automação Industrial, Sistemas Mecânicos e Manufatura.","Diagnóstico e classificação de falhas de equipamentos (como dentes ausentes, trincas na raiz e desgaste de superfície e rolamento) para manutenção preditiva.",O sistema fornece explicabilidade extraindo a importância das características de entrada e aplica explicações contrafatuais para mostrar aos operadores quais são as alterações mínimas nos sinais operacionais necessárias para modificar a decisão do modelo de falha.,"Os dados são públicos (provenientes de simuladores físicos e benchmarks abertos). Foram utilizados o dataset interno DDS (Drivetrain Dynamics Simulator), o dataset SpectraSimulator da base OEDI (Link: https://data.openei.org/submissions/623) e o dataset de engrenagens da University of Connecticut - UoC (Link: https://figshare.com/articles/dataset/Gear_Fault_Data/6127874).","Séries temporais de sensores (principalmente vibração triaxial, além de torque do freio e vibração do motor), amostradas a 5120 Hz, segmentadas em sequências por sliding window; o dataset descreve 8 atributos/canais relacionados a diferentes medições (motor, RGB, torque, PGB).","Não mencionado de forma explícita como Edge, Cloud ou híbrido.",LSTM (backbone) + integração neuro-simbólica com Logic Tensor Network (LTN); modelos comparativos incluem RCNN (CNN+RNN) e Synthesizer (baseado em Transformer).,"Permutation Feature Importance (pós-hoc) para estimar importância por feature (via embaralhamento) e reweighting das features; adicionalmente, o artigo inclui explicações contrafactuais (mínima perturbação na sequência para mudar a saída).",Ambos.,"Acurácia (multi-classe), ROC e AUC, matriz de confusão, satisfiability dos axiomas/regras (métrica de consistência lógica no LTN), e tempo de computação (impacto do aumento do conjunto de regras).","Falta de transparência em deep learning para diagnóstico industrial (dificulta troubleshooting e confiança), necessidade/ônus de construir uma knowledge base para modelos neuro-simbólicos, desafios de escalabilidade e structure learning em neuro-simbólico, e dificuldade de cenários de falha complexos (incluindo casos em que modelos podem ficar presos em mínimos locais); o estudo também aponta que ainda há “gap” para tornar o modelo totalmente confiável em todos os cenários."
MSEvoNet: Multiscale Spatiotemporal Evolution Networks for Remaining Useful Life Prediction in Complex Industrial Systems,Setor Aeroespacial.,"Manutenção Preditiva, especificamente direcionada para a predição da Vida Útil Restante (RUL - Remaining Useful Life).","O modelo fornece estimativas de RUL e aumenta a transparência ao modelar a degradação como um grafo espaço-temporal (interações entre variáveis/sensores ao longo do tempo), permitindo insights sobre quais padrões temporais e relações espaciais/coplamentos sustentam a predição; o artigo também menciona visualização de relações espaciais dinâmicas e interações entre componentes para tornar o raciocínio preditivo “transparente e compreensível”.",Públicos (benchmarks): C-MAPSS e N-CMAPSS para RUL de motores aeronáuticos. Link direto do dataset: Não mencionado.,"Séries temporais multivariadas de sensores (monitoramento operacional), incluindo variáveis de condição operacional e múltiplos sensores internos do motor (ex.: temperatura, pressão, rotação), com pré-processamento de seleção de sensores e normalização min–max.","Não mencionado de forma explícita como Edge, Cloud ou híbrido.","Gated Dilated Convolution (GDC) com atenção global, Adaptive Relationship Perception (ARP) para inferir matriz de acoplamento dinâmica (substituindo adjacência fixa) e Diffusion Graph Convolution (DGC) com mecanismo mix-hop para capturar relações multihop e fusão espaço-temporal.","Trata-se de uma Interpretabilidade Intrínseca (ad-hoc) por meio do uso de Percepção Adaptativa de Relacionamentos que gera Matrizes de Acoplamento e Mapas de Atenção Global. Estas estruturas definem, de forma transparente, os pesos e o esqueleto de um Grafo Espaço-Temporal guiando a tomada de decisão.",Ambos.,O sucesso e o erro do modelo preditivo foram medidos através da Raiz do Erro Quadrático Médio (RMSE) e de uma Função de Pontuação customizada (Score) que aplica pesos assimétricos para penalizar mais severamente a superestimação da vida útil do que a subestimação.,"Principais dificuldades destacadas: heterogeneidade de fontes/formatos de dados, complexidade de fusão espaço-temporal (incluindo limitações de GNNs com adjacência fixa e modelagem temporal dependente de RNNs), e necessidade de modelos transparentes/confiáveis devido ao caráter “black-box”; também aponta desafios de relações espaciais variáveis no tempo (acoplamento evolutivo) e pressão computacional/ruído ao escolher janelas temporais."
Perception modelling by invariant representation of deep learning for automated structural diagnostic in aircraft maintenance: A study case using DeepSHM,Setor Aeroespacial e de Manutenção de Aeronaves comerciais.,"Manutenção Preditiva e Monitoramento da Saúde Estrutural (SHM), focado no Diagnóstico Estrutural, em Ensaios Não Destrutivos (NDT) e na Detecção de Danos como a propagação e o dimensionamento de trincas estruturais.","A técnica usa DeepSHM com CNN para transformar sinais Lamb wave (tempo–frequência) em probabilidades de classes de dano, comparando representações e posições de sensores; o suporte ocorre ao automatizar a interpretação do sinal e fornecer desempenho por matriz de confusão/acurácia para orientar confiabilidade do diagnóstico (redução de FN/maior POD como objetivo discutido). ",Os dados utilizados são simulados e artificiais. Foram gerados numericamente por meio de um modelo de elementos finitos (FEM) utilizando o software COMSOL-Multiphysics. O link direto para o repositório contendo o conjunto de dados completo no GitHub é: https://github.com/vewald/DeepSHM.,"Sinais ultrassônicos de Lamb waves (séries temporais) convertidos para representações tempo–frequência (ex.: espectrogramas) e usados como entrada para CNN; múltiplas entradas de sensores (multissensor, diferentes posições).","Não mencionado de forma explícita como Edge, Cloud ou híbrido.","Convolutional Neural Network (CNN) aplicada ao sinal Lamb wave em domínio tempo–frequência (DeepSHM); outras arquiteturas (MLP, RNN/LSTM/GRU, AE/VAE etc.) aparecem como panorama, mas o estudo de caso é com CNN.",Não mencionado como método clássico (SHAP/LIME/Grad-CAM etc.). O trabalho enfatiza que a base de “explainable AI” para SHM/NDT é “lacking” e propõe uma perspectiva teórica (inspirada em neurociência) para interpretar representações invariantes e modelos de percepção em DeepSHM. ,Globais.,"Acurácia de Validação, Acurácia de Treinamento, Função de Perda (Loss) de Treinamento e de Validação, Matrizes de Confusão, Probabilidade de Detecção (POD / Sensibilidade) e o Tempo de Esforço Computacional em milissegundos por etapa executada.",Dificuldade de análise/interpretação em processamento clássico quando se usa excitação de banda larga; falta de formalização/explicabilidade (“basis of explainable AI … lacking”) em SHM/NDT; limitação física de usar uma única frequência central (um único comprimento de onda) para tamanhos específicos de dano; risco “garbage in–garbage out” em deep learning; escassez de grandes datasets públicos para transfer learning em SHM/NDT e baixa transferibilidade entre domínios (imagem vs áudio/acústico).
Physics-based feature enhancement method and physics constraint Transformer model for multi-step tool wear and RUL prediction,"Setor de Manufatura Inteligente e Usinagem, focado especificamente em processos de fresamento CNC de metais.","Monitoramento do desgaste da ferramenta (TWM) e predição da Vida Útil Restante (RUL), com ênfase no desafio de realizar predições de longo prazo e múltiplos passos (multi-step prediction).","O sistema entrega previsões contínuas e fisicamente lógicas sobre o progresso do desgaste e a durabilidade do maquinário. Isso apoia diretamente a tomada de decisão ao otimizar cronogramas de substituição da ferramenta e estratégias de manutenção, prevenindo perdas críticas na qualidade da produção ou falhas não programadas durante o funcionamento.",Público (PHM2010) + privado/proprietário (dataset “self-constructed” pelos autores). Link direto para dataset: Não mencionado no texto apresentado.,"Séries temporais multivariadas geradas por sistemas multi-sensores de alta frequência. Foram aglomerados dados oriundos de dinamômetros (para forças de corte), sensores de emissão acústica (AE) e sensores de vibração. As características nativas desses sinais brutos são extraídas e reconstruídas através de algoritmos de agregação (fABBA) antes de comporem os dados de entrada.","Não mencionado de forma explícita como Edge, Cloud ou híbrido.","Transformer com multi-head self-attention e cross-attention para predição multi-step de desgaste e RUL, com embeddings (positional coding, feature embedding e historical information embedding) e FFN baseado em convolução 1D; modelos comparados citados incluem GRU, BiGRU, BiGRU-AT e TCN.",SHAP,Ambos.,"Para avaliar o poder de predição técnica do modelo de aprendizado, utilizou-se Erro Quadrático Médio (RMSE), Erro Absoluto Médio (MAE), Erro Percentual Absoluto Médio (MAPE), Coeficiente de Determinação (R²) e o Tempo de Predição Computacional. A fidelidade do componente explicativo foi testada qualitativamente pelo seu nível de conformidade contínua com os parâmetros físicos de degradação sem emissão de dados falsos-regenerativos.","O artigo aponta como desafios centrais: (i) forte dependência de feature engineering e risco de representação incompleta do processo de degradação, (ii) desgaste como processo não linear e não estacionário sob cargas termo-mecânicas e fadiga, tornando difícil prever long-horizon com histórico limitado, (iii) modelos data-driven sem leis físicas podem gerar saídas fisicamente inconsistentes (ex.: desgaste não-monótono, RUL aumentando), e (iv) baixa transparência de modelos black-box para decisão industrial, motivando uso de constraints físicos e SHAP para interpretabilidade."
Privacy-Preserving Interpretability: An Explainable Federated Learning Model for Predictive Maintenance in Sustainable Manufacturing and Industry 4.0,Setor de Manufatura Sustentável e Indústria 4.0 (monitoramento de máquinas e equipamentos de produção).,Setor de Manufatura Sustentável e Indústria 4.0 (monitoramento de máquinas e equipamentos de produção).,"O modelo emite alertas de manutenção proativa acompanhados de justificativas e fatores de risco interpretáveis. Isso permite que os operadores e a equipe de manutenção compreendam as causas raízes dos problemas (como a influência exata do desgaste da ferramenta ou da temperatura), validem as decisões e priorizem os reparos de forma transparente.",Os dados são públicos. O estudo utiliza um conjunto de dados disponível na plataforma Kaggle. Link: https://www.kaggle.com/code/atom1991/predictive-maintenance-for-industrial-devices/input.,"Dados tabulares baseados em medições de sensores. O dataset inclui variáveis numéricas contínuas (temperatura do ar, temperatura do processo, velocidade rotacional, torque, desgaste da ferramenta) e dados categóricos (tipo de produto e tipo de falha).",Arquitetura federada com treinamento descentralizado em servidores locais (por site/indústria) e agregação em servidor global na nuvem; o fluxo descrito inclui importação de dados em nuvem para predição em tempo real e armazenamento em cloud.,"Não mencionado. O modelo proposto não utiliza redes neurais profundas, mas sim algoritmos tradicionais do tipo Ensemble de Machine Learning (o melhor desempenho foi obtido com o Gradient Boosting Classifier e o Hist Gradient Boosting Classifier).",SHAP e LIME,Ambos.,"Para o desempenho preditivo, utilizaram-se Acurácia, Sensibilidade (TPR), Especificidade (TNR), Taxa de Omissão/Miss Rate (FNR), Valor Preditivo Positivo (PPV) e Valor Preditivo Negativo (NPV).","Três desafios centrais: confidencialidade/privacidade (centralização de dados e compliance regulatório), falta de interpretabilidade (modelos black-box reduzem confiança/ação do operador) e adaptabilidade (manter desempenho consistente em ambientes industriais diversos); adicionalmente, o texto aponta limitações ligadas a processamento em tempo real e escalabilidade em PdM, complexidade computacional para implantação e a ausência (nesta versão) de mecanismos formais como Differential Privacy/Secure Aggregation, apesar de manter dados brutos localmente."
Scalable Concept Extraction in Industry 4.0,"Setor Têxtil (design e manufatura de materiais compósitos de fibra de vidro), Setor de Manufatura (reforço de fibra de carbono) e Setor de Energia/Manutenção (inspeção de módulos fotovoltaicos).","Controle de Qualidade (identificação de falhas, defeitos e dobras na manufatura de materiais) e Manutenção (detecção de defeitos e objetos estranhos em painéis solares fotovoltaicos).","Emite alerta com justificativa visual. A técnica extrai e localiza as pistas visuais exatas (conceitos) que o modelo utilizou para a predição, permitindo aos especialistas do domínio validar se a inteligência artificial tomou a decisão pelas razões corretas (alinhamento de conhecimento) e rastrear a localização do defeito na peça.","Dados mistos, envolvendo coleções geradas pelos próprios autores e dados de benchmark. Os links disponibilizados no artigo são: https://doi.org/10.5281/zenodo.7970596 (textiles) e https://doi.org/10.5281/zenodo.7970490 (carbon fiber). O conjunto de dados fotovoltaicos (MIAD) provém de estudos anteriores de domínio público.","Imagens (inspeção visual): têxteis em alta resolução (ex.: 4288×2848; redimensionadas para treino), patches de fibra de carbono (cortados e convertidos para grayscale), e imagens de módulos FV (512×512; capturadas por UAV em cenário realista de planta).","Não mencionado de forma explícita como Edge, Cloud ou híbrido.",CNN (principalmente DenseNet121) para classificação de imagens nos três casos; o trabalho também se baseia em CNNs em geral e propõe um método de explicação para CNNs.,"Extração de Conceitos (Concept Extraction), especificamente uma modificação mais escalável do método ECLAD (Extracting Concepts with Local Aggregated Descriptors).",Globais.,"Acurácia (medindo a capacidade de predição do classificador de imagens) e o Escore de Importância do Conceito (Importance Score), calculado em conjunto com a redução matemática do custo computacional.","Principais limitações/dificuldades: natureza black-box de CNNs em aplicações industriais; risco de bias/shortcut learning/data leakage levando a comportamento inesperado; saliency maps locais descritos como potencialmente ruidosos/não confiáveis; e alto custo computacional de técnicas de extração de conceitos existentes, dificultando escalabilidade para grandes datasets industriais (motivando a modificação do ECLAD para reduzir número de forward passes). "
Scale‑preserving automatic concept extraction (SPACE),"Setor de Manufatura, Metalurgia e Construção Civil (focado em processos industriais como fundição de metais, inspeção de porcas metálicas, textura de couro e identificação de rachaduras em concreto).",Controle de Qualidade e Detecção de Falhas (classificação de imagens visando separar peças normais e funcionais de peças com defeito).,"A técnica extrai conceitos globais (conjuntos de patches/imagens representativos) e um importance score por conceito para a classe analisada (via TCAV), permitindo ao especialista verificar se o modelo decide “pelas razões certas” (ex.: pinholes) ou por vieses (ex.: fundo, letras/linhas), e então corrigir dataset/rotulagem/treinamento para melhorar robustez antes do deploy.",Públicos para os experimentos comparativos (concrete crack dataset; MVTec metal nut dataset). Inclui também um dataset real de manufatura (metal casting) obtido com parceiro industrial (confidencial/proprietário); link público do dataset real não é fornecido. Link fornecido no texto é do código: https://github.com/Data-Science-in-Mechanical-Engineering/SPACE .,"Imagens (dados fotográficos bidimensionais capturados para a classificação em visão computacional, englobando imagens de peças e recortes com resoluções de 227x227 a 900x900 pixels).","Não mencionado de forma explícita como Edge, Cloud ou híbrido.","CNNs para classificação visual; arquiteturas usadas nos experimentos incluem VGG-16, ResNet-18 e DenseNet-121 (modelos analisados pelo SPACE/ACE).","Extração Automática de Conceitos (Automatic Concept Extraction), processada de forma primária pelo algoritmo construído pelos próprios autores denominado SPACE (Scale-Preserving Automatic Concept Extraction), que encapsula e se integra a métodos clássicos como TCAV (Testing with Concept Activation Vectors) para o teste contínuo dos conceitos e mapas de saliência baseados em Grad-CAM.",Globais.,"O sucesso na construção e predição das redes neurais foi medido pelas métricas tradicionais de Acurácia, Precisão, Revocação (Recall) e F1-Score. A exatidão e aplicabilidade das explicações geradas foram analisadas através do Escore de Importância do Conceito (baseado na pontuação contínua do TCAV), Número total de conceitos extraídos, Número de conceitos alinhados semanticamente e a Proporção matemática (ratio) dos conceitos que mostraram alinhamento assertivo.","Problemas reportados/abordados: métodos de extração de conceito existentes podem distorcer escala por interpolação (impacta features pequenas) e perder contexto por superpixels/segmentação; risco de vieses e data leakage em aplicações reais mesmo com alta acurácia (ex.: metal casting com “yellow lines/backside letters”); limitações/pré-condições do SPACE incluem escolha adequada de ns (tamanho de patch) e risco quando o dataset já contém padrões semelhantes às descontinuidades introduzidas pelo tiling; como futuro, menciona necessidade de pesquisa sobre conformidade/uso em frameworks industriais e garantias para explicações por conceitos."
Shapley-based Explainable AI for Clustering Applications in Fault Diagnosis and Prognosis,"Setor de Manufatura de Semicondutores e Setor Aeroespacial, focado especificamente no monitoramento de motores turbofan.","Diagnóstico de Falhas (identificação e classificação de anomalias raras) e Prognóstico, com foco na predição de falha de componentes e na estimativa da Vida Útil Restante (RUL - Remaining Useful Life) do equipamento.","O framework cria clusters “information-dense” alinhados às predições do modelo usando valores de Shapley; depois gera regras de decisão simples (1–2 termos, em escala original das variáveis) para caracterizar clusters com alta precisão, apoiando interpretação, triagem e alocação de recursos/manutenção (ex.: staffing, decisões de PdM). ",Origem mista. O estudo utiliza dados do mundo real privados (provenientes de um processo de manufatura de semicondutores) e dados públicos de benchmark simulados (o dataset de motores turbofan C-MAPSS associado ao desafio 2021 PHM Data Challenge da NASA). O link informado para o dataset público é: https://www.nasa.gov/content/prognostics-center-of-excellence-data-set-repository .,Imagens bidimensionais (perfis de medição agregados em mapas de calor RGB) e dados estruturados baseados em séries temporais multivariadas com medições contínuas de 18 sensores dinâmicos e condições de operação estáticas.,"Não mencionado de forma explícita como Edge, Cloud ou híbrido.","Convolutional Autoencoder (CAE) para extração de features no caso de semicondutores; ANNs simples (scikit-learn, 1 camada oculta) para classificação semi-supervisionada; no caso PHM, um xANN (2 camadas ocultas) para múltiplos outputs (estado de saúde, componentes e RUL).",SHAP,Ambos.,"Para avaliar o desempenho primário do modelo, utilizou-se Precisão (Precision), Revocação (Recall), F1-Score e RMSE (Raiz do Erro Quadrático Médio, focada na previsão de RUL contínua). O sucesso algorítmico das explicações e dos agrupamentos foi mensurado por Informação Mútua Normalizada (NMI - medindo estabilidade) associada às métricas matemáticas de Precisão e Recall exclusivas para julgar a eficácia e isolamento das regras linguísticas geradas.","Datasets industriais com class imbalance e rótulos fracos/parciais; limitação de clustering puramente não supervisionado em separar anomalias; necessidade de interpretabilidade para adoção; custo computacional proibitivo de Shapley/SHAP para uso online/tempo real; e, no caso de LIME (discutido), instabilidade/brittleness e dependência de definir vizinhança local."
Steel Plates Fault Detection with Explainable Inter-Attribute Attention Network,"Setor siderúrgico e metalúrgico, com foco na produção e manufatura de placas de aço.","Controle de qualidade e detecção automática de falhas industriais (classificação de defeitos em produtos de aço, englobando 7 tipos de falhas específicas, como arranhões, manchas, sujeiras e inchaços).","O sistema deduz a importância relativa de cada característica analisada na predição e explica como o algoritmo chegou à sua conclusão final. Essa transparência auxilia o tomador de decisão a compreender os atributos críticos que indicam a falha por meio de gráficos, orientando decisões de processo e permitindo podar o modelo para requisitos específicos de otimização baseando-se na análise de caso médio.","Os dados são públicos (benchmark). O estudo utiliza o ""Steel Plates Faults Dataset"" originário da Semeion, que se encontra hospedado e disponível no repositório UCI Machine Learning. O link fornecido no artigo é: http://archive.ics.uci.edu/ml/index.php .","Dados numéricos tabulares. O modelo consome um vetor contendo 27 atributos extraídos (features) que capturam medidas geométricas e índices físicos da placa, incluindo soma da luminosidade, logaritmo e índice das áreas, comprimento da esteira de transporte, índice de orientação e espessura da placa de aço.","Não mencionado de forma explícita como Edge, Cloud ou híbrido.",MLP (Multilayer Perceptron) + mecanismos de atenção (multi-head self-attention com scaled dot-product attention e uma attention layer adicional) compondo a arquitetura proposta EIA-AttNet; LSTM aparece como baseline comparativo. ,Atenção inter-atributos (self-attention + single-attention) usada como mecanismo explicável para inferir a importância relativa dos atributos na decisão; não há uso de SHAP/LIME/Grad-CAM no método proposto. ,Ambos.,"F1-score, Accuracy, Precision e Recall (comparação com 9 baselines).",Principais dificuldades citadas: baixa interpretabilidade de arquiteturas neurais em domínios industriais críticos (segurança/confiabilidade) e necessidade de explicações para confiança/adoção; desbalanceamento do dataset (tratado com SMOTE); e necessidade de explicações úteis tanto específicas quanto gerais para apoiar otimização do modelo e tomada de decisão.
Through the Lens of Explainability: Enhancing Trust in Remaining Useful Life Prognosis Models,Setor de manufatura siderúrgica.,"Prognóstico da Vida Útil Restante (RUL - Remaining Useful Life) para manutenção preditiva, visando especificamente estimar o número restante de operações (corridas) que um forno suportará antes da ocorrência de uma falha.","A técnica gera mapas de calor (heatmaps) que ilustram visualmente as pontuações de relevância de cada variável física (como temperatura, pressão e vibração). Isso fornece um entendimento claro e intuitivo sobre quais fatores mais contribuíram para a predição da vida útil, capacitando o operador a validar a saída do modelo e a tomar decisões de manutenção informadas de forma transparente.",Dados privados e proprietários.,"Dados numéricos tabulares baseados em séries temporais divididas em janelas deslizantes (sliding windows), englobando informações e medições contínuas de múltiplos sensores físicos (como vibração, temperatura e pressão).","Não mencionado de forma explícita como Edge, Cloud ou híbrido.","CNN, LSTM e DA-LSTM (método SOTA baseado em dual attention + LSTM com abordagem “lightweight”). ",Layer-Wise Relevance Propagation (LRP).,Locais.,"Para avaliar o poder de predição técnica do modelo, utilizou-se o Erro Absoluto Médio (MAE) e a Raiz do Erro Quadrático Médio (RMSE). Para quantificar as explicações do XAI através do toolkit Quantus, utilizou-se métricas de Robustez (Avg-Sensitivity e Local Lipschitz Estimate) e de Complexidade (Sparseness medida pelo Índice de Gini e Complexidade avaliada pela contribuição fracionária da magnitude).","Falta de confiança/adoção por usuários industriais devido à natureza black-box dos modelos de ML/DL; limitação de avaliações subjetivas de explicações (variabilidade humana), motivando validação quantitativa; necessidade de lidar com trade-off entre acurácia (LSTM/DA-LSTM melhores em RMSE/MAE) e explicabilidade (CNN com explicações mais robustas/simples); e limitação de reprodutibilidade por confidencialidade do dataset (não público). "
Towards a Comprehensive Visual Quality Inspection for Industry 4.0.,Setor de Manufatura de Bens de Consumo e Eletroeletrônicos.,"Controle de Qualidade e inspeção visual automatizada, com a finalidade de detectar defeitos na impressão das peças (como impressões duplas ou interrompidas) e garantir a conformidade dos produtos comercializados.","O sistema utiliza limiares de probabilidade de incerteza do modelo para decidir proativamente se uma peça pode ser aprovada ou se requer envio para revisão humana. Durante a revisão, a técnica auxilia o tomador de decisão fornecendo dicas visuais diretas (através de mapas de anomalia, mapas de calor e apresentação da imagem rotulada mais semelhante) que indicam a localização potencial do defeito, visando reduzir erros de anotação e acelerar o processo.",Dados privados e proprietários.,"Imagens bidimensionais, compreendendo fotografias reais de produtos manufaturados que passam pela esteira de inspeção, complementadas por imagens sintéticas de defeitos.","Não mencionado de forma explícita como Edge, Cloud ou híbrido.","RAEM (unsupervised anomaly detection), ResNet-18 pré-treinada para extração de features e MLP (2 camadas densas: 512 e 100, ReLU e softmax) para classificação supervisionada; Lightweight GAN para geração sintética de imagens.","Grad-CAM (heatmap), anomaly maps do DRAEM como dica visual de defeito, e “nearest labeled image” como explicação/auxílio de referência (não é XAI clássico, mas é técnica de hinting interpretável usada no pipeline).",Locais.,"Grad-CAM (heatmap), anomaly maps do DRAEM como dica visual de defeito, e “nearest labeled image” como explicação/auxílio de referência (não é XAI clássico, mas é técnica de hinting interpretável usada no pipeline).","Incerteza do modelo e necessidade de definir limiar de qualidade para balancear recall vs. carga de revisão manual; desbalanceamento de classes em inspeção visual (poucos defeitos), que degrada a performance de anotação humana; fadiga/queda de atenção do anotador ao longo do tempo (F1 cai ≥0,19 em ~1h), motivando mistura com imagens sintéticas; limitação do estudo pelo número/variedade de participantes (apenas membros do laboratório)."
Towards AI driven surface roughness evaluation in manufacturing: a prospective study,Setor de manufatura de precisão.,"Avaliação preditiva e controle de qualidade da rugosidade de superfície, visando a predição numérica contínua ou classificação do acabamento de peças manufaturadas.","O sistema permite fornecer análises de predição em tempo real para que os operadores realizem correções ativas nos parâmetros da máquina na busca pela manufatura com zero defeitos. Onde o suporte explicável atua, as técnicas identificam fatores de parâmetros e segmentos específicos de tempo-frequência que mais afetam as peças, fornecendo insights acionáveis que permitem a otimização econômica e a transição segura para a tomada de decisão orientada por dados.","O artigo é uma revisão sistemática (2014–2024) e reporta que os estudos usam majoritariamente dados reais (experimentos/produção) e, em menor número, dados simulados; a revisão afirma que não foram encontrados benchmarks padronizados específicos para predição de rugosidade superficial e aponta lacuna de datasets benchmark.","Dados tabulares de controle (parâmetros operacionais e numéricos de usinagem), sinais contínuos multimodais provenientes de sensores de máquina (dinamômetros medindo força de corte, sinais de vibração via acelerômetros e emissões acústicas/som) e dados imagéticos envolvendo fotografias bidimensionais de superfícies capturadas por câmeras ou nuvens de pontos extraídas de lasers 3D.","O artigo menciona integração com edge computing e sensores inteligentes como habilitador de análise/decisão em tempo real, mas não especifica uma arquitetura de execução (edge/cloud/híbrida) para um modelo único (por ser revisão).","A revisão cita, em termos gerais, uso de CNN (visão) e LSTM (modelos sequenciais) como exemplos de DL em aplicações de predição/avaliação.",SHAP,Ambos.,"Para predições baseadas em regressão, adota-se o Erro Absoluto Médio (MAE), Raiz do Erro Quadrático Médio (RMSE) e o Coeficiente de Determinação (R²). Para abordagens de classificação de rugosidade, utiliza-se a Acurácia, Precisão, Revocação (Recall), F1-Score, Área Sob a Curva (AUC) da característica ROC e a Matriz de Confusão.","Principais lacunas destacadas: dificuldade de consolidar a pipeline completa (dados→processamento→modelos), ausência de datasets benchmark padronizados para rugosidade, necessidade de modelos mais explicáveis (XAI), além de desafios de integração de dados (múltiplas modalidades e escalas) e de medições consistentes/robustas em ambiente industrial."
Towards big industrial data mining through explainable automated machine learning,Setor de manufatura industrial,"A aplicação principal do estudo de caso aborda o Controle de Qualidade (predição de conformidade de produtos), embora o sistema também tenha sido aplicado genericamente para embasar Manutenção Preditiva em sua formulação metodológica.","A plataforma recomenda automaticamente pipelines (algoritmo + hiperparâmetros) e fornece rastreabilidade/explicação por múltiplos níveis (visão do processo AutoML, estatísticas do modelo, matriz de confusão, caminho de decisão, what-if com contribuições de features, e análise de importância de hiperparâmetros via ANOVA para refinamento quando o resultado é insatisfatório).","Principalmente públicos (360 datasets reais de manufatura coletados de UCI, OpenML, Kaggle e KEEL) e um caso real de “manufacturing quality prediction” com 187.156 registros históricos (1 ano) de uma unidade produtiva; links específicos de datasets não são fornecidos no texto. ","Dados tabulares numéricos e categóricos. A base de ingestão do modelo manipula metacaracterísticas (meta-features) extraídas dos processos industriais, contemplando métricas diretas sobre dimensões do conjunto e propriedades estatísticas como número de instâncias, atributos, entropia e assimetria.","Não mencionado de forma explícita como Edge, Cloud ou híbrido.","Não mencionado. O framework baseia-se exclusivamente em algoritmos clássicos de Machine Learning nas suas experimentações e compilações, tais como Random Forest, k-NN, Support Vector Classifier, AdaBoost, Gradient Boosting e SGD.",AMLExplainer.,Ambos.,"A performance do módulo de recomendação de aprendizado de máquina é aferida através das métricas Acurácia, Precisão, Revocação (Recall), F1-Score e Tempo de Execução. O grau de qualidade e assertividade do componente XAI não obteve métricas matemáticas ou pontuações; o desempenho explicativo foi medido de modo puramente qualitativo por meio da condução de testes e entrevistas de validação diretamente com especialistas humanos do ambiente produtivo.","Complexidade de seleção/configuração de modelos para não especialistas; falta de transparência em AutoML (perguntas sobre exploração do espaço de busca, over/underfitting e confiabilidade da recomendação) reduz confiança e dificulta melhoria quando o resultado é ruim; barreiras de custo computacional em AutoML (tempo/recursos); dados industriais grandes, heterogêneos e distribuídos; necessidade de interfaces mais intuitivas e explicações para adoção em aplicações industriais críticas."
Towards region-based robotic machining system from perspective of intelligent manufacturing: A technology framework with case study,Setor Automobilístico,"Reparo de defeitos e Controle de Qualidade (detecção, localização e lixamento robotizado de pequenas escórias de solda a ponto espalhadas pela lataria).","O sistema automatiza o ajuste e a tomada de decisão da trajetória de usinagem. Após detectar e agrupar as escórias de solda, o algoritmo de Dijkstra toma a decisão autônoma de qual é o caminho de lixamento mais curto e eficiente para o robô executar, enviando as coordenadas diretamente para a máquina.",Dados privados e proprietários.,Imagens bidimensionais em escala de cinza capturadas por um sistema de visão computacional binocular.,"Não mencionado de forma explícita como Edge, Cloud ou híbrido.","Redes Neurais Convolucionais (CNN), utilizando especificamente uma versão customizada e melhorada da arquitetura YOLO v3.",Não mencionado.,Não mencionado.,"Para o modelo de detecção, utilizaram-se as métricas de Precisão (Precision Rate / Rp), Revocação (Recall Rate / RR), Acurácia (Accuracy / Acc) e F1-Score. Para a validação espacial, mediu-se o erro médio de posicionamento (em milímetros e porcentagem) e a Rugosidade da superfície usinada (Ra).","Principais desafios relatados: (i) defeitos muito pequenos e distribuídos aleatoriamente → baixa acurácia/recall em detecção de tiny targets; (ii) dificuldade/ineficiência de posicionamento por reconstrução 3D devido ao tamanho do defeito e FOV; (iii) necessidade de gerar trajetória de retífica que cubra regiões e mantenha configuração viável do robô (evitar problemas de eixos), exigindo decisão autônoma de caminho e pontos de transição/entrada/saída."
Transforming chemical process engineering The role of AI and machine learning in revolutionizing process systems,"Setor Químico e de Engenharia de Processos (abrangendo indústrias petroquímica, farmacêutica, refinarias, energia e tratamento de água).","Otimização de Sistemas de Processos (melhoria de rendimento e eficiência energética), Manutenção Preditiva, Detecção e Diagnóstico de Falhas (FDD) e Controle de Processos em tempo real.","Sugere ações de mitigação, automatiza o controle e o ajuste de parâmetros operacionais em tempo real (Otimização em Tempo Real - RTO) e emite alertas precoces para prevenção de falhas auxiliados por ferramentas de interpretabilidade para análise de causa raiz.","Por ser um artigo de revisão, não apresenta um dataset único; discute dados típicos de CPI (históricos operacionais, sensores/SCADA/IIoT, dados de laboratório e simulações/modelos físicos).","Dados industriais multivariados de processos químicos (principalmente séries temporais de sensores/variáveis de processo, dados tabulares de operação/qualidade, e dados de simulação/“digital twins”); também discute aplicações de visão/inspeção e dados em contextos IIoT em nível conceitual (sem detalhar um dataset específico).","A revisão menciona cloud computing (plataformas em nuvem para escalabilidade) e edge computing/IoT como tendências para operação e monitoramento em tempo real em CPI, mas não define uma arquitetura única de implantação (edge/cloud/híbrida) para um sistema específico; discute desafios gerais como custo/complexidade computacional e requisitos de integração com sistemas legados.","Redes Neurais Artificiais (ANN), Redes Neurais Convolucionais (CNN), Redes Neurais Recorrentes (RNN) como Long Short-Term Memory (LSTM), Autoencoders, Redes Adversárias Generativas (GAN), Transformadores (Transformers) e arquiteturas baseadas em Aprendizado por Reforço (RL).",SHAP e LIME,Ambos.,"Métricas tradicionais de predição de aprendizado de máquina como Erro Quadrático Médio (MSE), Raiz do Erro Quadrático Médio (RMSE), Acurácia, Precisão, Recall e F1-Score, além de métricas de desempenho industrial como redução percentual de consumo de energia e aumento de rendimento de produto.","A revisão destaca limitações para uso real em CPI, incluindo: qualidade/disponibilidade de dados, dificuldade de criar datasets representativos; baixa interpretabilidade de modelos black-box (especialmente em indústrias reguladas); complexidade computacional e escalabilidade para big data/tempo real; integração com sistemas legados; e questões regulatórias/éticas e de privacidade (incluindo governança e transparência)."
TwinExplainer Explaining Predictions of an Automotive Digital Twin,Setor Automobilístico,"Manutenção Preditiva (PdM) e Detecção de Anomalias focada no monitoramento contínuo da saúde de subsistemas críticos do veículo (como motor, transmissão, combustível e freios).","O TwinExplainer explica predições do Digital Twin (incluindo anomalias) ao quantificar a contribuição dos canais de sensores com SHAP (gráficos como bar/summary/dependence/force plots) e complementar com explicações linguísticas geradas por LLMs para stakeholders automotivos, apoiando entendimento de causa e decisão de manutenção.","VePRO (Vehicle Performance, Reliability, and Operations), desenvolvido por USACE e Mississippi State University, com dados operacionais de frotas de veículos militares (medidas de sensores em séries temporais, falhas detectadas e relatórios de manutenção).","Séries temporais baseadas em dados de sensores. Os dados compreendem observações contínuas de 15 canais de sensores veiculares (incluindo velocidade, temperatura do refrigerante, carga do motor, pressão, entre outros) processados por janelas deslizantes.","Não mencionado de forma explícita como Edge, Cloud ou híbrido.",Redes Convolucionais Temporais (TCN - Temporal Convolutional Network).,SHAP,Ambos.,"Para o cálculo e limiar de detecção de anomalias, o estudo utiliza a Distância de Mahalanobis (MD)","Falta de explicabilidade em Digital Twins baseados em deep learning (black-box), o que reduz confiança e dificulta tomada de decisão informada; necessidade de entender causa raiz de comportamento anômalo em canais de sensores para intervenção oportuna e adoção prática por stakeholders automotivos. "
Using an Explainable Machine Learning Approach to Minimize Opportunistic Maintenance Interventions,Indústria de plásticos e manufatura de matrizes,"Manutenção baseada na condição (Manutenção Oportunística) e Diagnóstico de Falhas, visando detectar sintomas e anomalias indicativas de degradação ou entupimento do pacote de telas/filtros da máquina extrusora.","Detecta anomalias agrupadas como sintomas de screen pack clogged, isola/identifica as anomalias relevantes com regras baseadas em conhecimento de processo + SHAP (atribuição por feature no score de anomalia), permitindo decidir se deve ou não substituir o screen pack quando surge uma oportunidade (em vez de trocar cegamente em periodicidade fixa).",Dados privados e proprietários.,"Séries temporais multivariadas obtidas através de sensores da máquina, contendo variáveis contínuas referentes à velocidade de rotação do parafuso, taxa de transferência de material, temperatura de derretimento, pressão da cabeça da extrusora e corrente elétrica do motor.","Não mencionado de forma explícita como Edge, Cloud ou híbrido.","Não mencionado. A arquitetura proposta não emprega redes neurais profundas, sendo construída apenas sobre algoritmos clássicos de aprendizado de máquina, especificamente o método Isolation Forest (iForest) para detectar as anomalias.",SHAP,Ambos.,Não mencionado,"Principais limitações/dificuldades: ausência de dados rotulados (impede avaliação formal), não-estacionariedade/regime changes no processo (ex.: mudanças de material, desgaste do screw, die sujo/danificado), múltiplos modos de falha e contextos ocultos (risco de confundir clusters), correlação entre variáveis (viés do iForest e permutações irrealistas no SHAP), e necessidade de que alarmes automáticos (ex.: threshold de nº de anomalias por período) sejam atualizados frequentemente pelos usuários finais conforme mudanças no processo."
Using Deep Learning to Value Free-Form Text Data for Predictive Maintenance,Setor Aeronáutico,"Manutenção Preditiva e Controle de Planejamento de Produção, focando na predição da severidade da falha (se vai ou não parar a produção), predição do tempo estimado de duração da manutenção e predição das potenciais causas do problema na máquina.","O sistema classifica o nível e a duração das falhas a partir de textos abertos, auxiliando o tomador de decisão a reprogramar ativamente o chão de fábrica e a designar o técnico mais apropriado sem impor novas interfaces de coleta de dados aos operadores. A técnica fornece transparência visual extraindo e destacando quais palavras específicas dos relatórios guiaram o algoritmo para aquela conclusão, gerando insights diretos sobre os problemas crônicos.",Dados privados e proprietários.,Dados textuais não estruturados (textos livres em linguagem natural redigidos pelos operadores e técnicos nos relatórios diários de manutenção).,"Não mencionado de forma explícita como Edge, Cloud ou híbrido.","Arquiteturas baseadas em Transformers (especificamente os modelos de linguagem CamemBERT e FlauBERT, ambos derivados do BERT / RoBERTa).",LIME,Ambos.,"Para avaliar as predições de aprendizado de máquina, empregou-se estritamente o Coeficiente de Correlação de Mathews (MCC). Para validar a qualidade matemática do agrupamento dos dados (clustering), utilizou-se o Coeficiente de Silhueta (Silhouette Coefficient).","Logs de manutenção com forte desbalanceamento (classes raras), texto ruidoso e heterogêneo (typos, jargão, abreviações), e baixa interpretabilidade de modelos (resistência humana/baixa cultura digital); além disso, menciona desafios de integração MES–outros sistemas de planejamento e necessidade de reduzir pré-processamento manual (ex.: evitar spell-checking manual)."
Utilizing knowledge graphs for explainable artificial intelligence in manufacturing,Setor de Manufatura Inteligente e Linhas de Montagem Robotizadas,"Controle de Qualidade e Detecção de Defeitos, focado em classificar séries temporais para identificar anomalias correspondentes à ausência de componentes no produto final montado (como um foguete sem nariz ou sem seções do corpo).","O sistema utiliza uma interface para emitir explicações e justificativas em nível de usuário ao identificar um defeito. A técnica auxilia o tomador de decisão indicando o valor anômalo do sensor, o nome do robô afetado, a função que estava sendo executada na fase específica do ciclo e apontando a localização física do ativo em falha em uma imagem de mapa da planta. Isso garante transparência para um diagnóstico rápido da causa raiz.",Dados privados e proprietários.,"Séries temporais de sensores do chão de fábrica (principalmente sinais de potenciômetros e load cells dos grippers; no caso do classificador, foram usadas como features os potenciômetros dos robôs 2 e 3).","Sistema local/híbrido OT–IT em tempo real: sensores/equipamentos → PLC (com OPC UA server) → aplicação (OPC UA client) → classificador + DPO; a ontologia roda em Neo4j containerizado (Docker) e consultado via API pela aplicação. Desafios/latência: o paper reporta overhead baixo (carregamento e query da ontologia em milissegundos) e “minor delay” na geração de predição, passível de otimização.","O algoritmo de classificação primário utilizado foi o DrCIF (Canonical Interval Forest), que para esse contexto os autores pontuam ser moldado como uma culminação de múltiplas camadas de redes neurais associadas a características dependentes de fase de séries temporais.","Knowledge Graph/Ontologia + raciocínio semântico (ontology-based XAI): DPO (KG) + Reasoner rule-based para explicar o output do classificador com contexto de processo (cycle states, funções, ranges de sensores).",Locais.,"Para o desempenho do algoritmo de detecção em si, utilizou-se o F1-Score (que obteve pontuação de 99%). Para avaliar as restrições da infraestrutura de IA, mediu-se a Latência Computacional (tempo de carregamento e tempo de consulta dos grafos). Para o método XAI implementado, os autores declaram que não aplicaram métricas quantitativas convencionais (como fidelidade ou robustez), pois a avaliação da explicação ocorreu baseada na viabilidade qualitativa de nível de usuário e percepção de domínio pelo especialista.","Para o desempenho do algoritmo de detecção em si, utilizou-se o F1-Score (que obteve pontuação de 99%). Para avaliar as restrições da infraestrutura de IA, mediu-se a Latência Computacional (tempo de carregamento e tempo de consulta dos grafos). Para o método XAI implementado, os autores declaram que não aplicaram métricas quantitativas convencionais (como fidelidade ou robustez), pois a avaliação da explicação ocorreu baseada na viabilidade qualitativa de nível de usuário e percepção de domínio pelo especialista."
XAI Sustainable Human in the Loop Maintenance,Setor Automobilístico,"Manutenção Preditiva e decisões de tratamento de fim de vida útil de ativos (focado em identificar e decidir sobre a reciclagem, remanufatura, manutenção ou reutilização sustentável de peças).","O framework propõe narrativas explicáveis (XAI) para justificar previsões/decisões do sistema, combinando ML + regras/contexto humano e exibindo processos de manutenção como fluxos (flowcharts) com instruções e justificativas via AR (tablet/óculos), incluindo recomendação e justificativa para opções de circularidade no fim de vida. ",Não mencionado.,"Fusão de dados multimodais. O modelo arquitetural abrange a integração de dados contínuos de sensores de máquinas (IoT), simulações de Gêmeos Digitais, dados de mercado de matérias-primas, descrições textuais e vocais (áudio transcrito) registradas pelos operadores humanos e dados extraídos de sensores vestíveis (wearables) para análise ergonômica.","Não mencionado de forma explícita como Edge, Cloud ou híbrido.","O framework propõe a incorporação genérica do termo ""Deep Learning"" em seu módulo de predição, listando-o em conjunto com Árvores de Decisão, Regressão e Random Forest, sem especificar detalhadamente arquiteturas de redes neurais profundas.","O framework é impulsionado pelo uso de Descrições Semânticas fundamentadas em Ontologias, combinação de regras baseadas no conhecimento humano (knowledge base) e extração de regras inteligíveis nativas a partir de Árvores de Decisão, traduzidas em narrativas formatadas em texto e áudio para os operadores.",Locais.,Não mencionado,"Falta de confiança em sistemas ML “black-box” e necessidade de comunicação e confiança entre humano e automação; dificuldade de incorporar contexto (tacit knowledge, regras, ambiente/situação) em decisões automatizadas; necessidade de manter o humano no loop especialmente para decisões de fim de vida/sustentabilidade; trade-off entre modelos transparentes (ex.: árvores) e poder de padrões (ex.: deep learning); necessidade de explicações adaptadas ao contexto (treinamento vs auditoria/validação)."
XAI-KG: knowledge graph to support XAI and decision-making in manufacturing.,Setor de Manufatura Inteligente,"Previsão de Demanda (Demand Forecasting), visando orientar decisões operacionais e estratégicas referentes a recursos, trabalhadores, produtos manufaturados e logística.","O sistema recomenda opções de tomada de decisão baseadas nas previsões de demanda e em heurísticas, e fornece explicações que destacam os elementos mais relevantes para cada previsão. A técnica estrutura um Grafo de Conhecimento associado a interfaces de conversação para coletar o feedback do usuário, permitindo que os operadores julguem a confiabilidade da previsão e retroalimentem o modelo para melhorar futuras explicações e recomendações.","Simulados/gerados + Privados/proprietários,","Dados tabulares e séries temporais de negócio/operação: histórico diário de shipments, previsões diárias de demanda por material e cliente, rankings de relevância de features por forecast, explicações textuais/estruturadas derivadas do ranking e registros de feedback/ações do usuário (no protótipo, sintéticos).","Não mencionado de forma explícita como Edge, Cloud ou híbrido.","Não mencionado. O texto relata o uso de ""modelos preditivos"" e ""modelos de IA"" para realizar as previsões de demanda, mas não especifica quais arquiteturas exatas (como CNN, LSTM, Random Forest, etc.) foram treinadas para gerar as predições.",LIME,Locais.,"Avaliação estrutural do knowledge graph por métricas de grafo: #nodes, #paths, Total Path Length (TPL), Maximum Path Length (MPL) e Average Path Length (APL).","Pouca pesquisa/medidas validadas para avaliar qualidade de explicações e como influenciam decisões; necessidade de coletar, modelar e armazenar previsões, explicações, opções de decisão e feedback; necessidade de apresentar explicações de forma clara/convincente ao usuário; limitação do estudo por não ter feedback real de usuários (substituído por feedback sintético) e necessidade futura de serviços conversacionais/active learning para aquisição de rótulos e melhoria contínua."
XFDDC: eXplainable Fault Detection Diagnosis and Correction framework for chemical process systems,Setor Químico,"Detecção, Diagnóstico e Correção de Falhas (FDD - Fault Detection, Diagnosis, and Correction).",O sistema fornece justificativas visuais sobre as variáveis (sensores) responsáveis pela anomalia detectada e emite recomendações de ações corretivas. Essas recomendações indicam quantitativamente o quanto os valores das variáveis de entrada manipuláveis precisam ser alterados para corrigir a situação de falha e retornar a um estado normal de operação contínua.,Os dados são públicos e baseados em simulação. Foi adotado o dataset de benchmark Tennessee Eastman Process (TEP). A versão utilizada do repositório pode ser acessada indiretamente através da referência de dados estendidos hospedada no Harvard Dataverse.,"Dados tabulares de séries temporais de processos e sensores multivariados, consistindo em um total de 53 características (sendo 41 variáveis de medição do sistema e 11 variáveis manipuladas de processo).","Não mencionado de forma explícita como Edge, Cloud ou híbrido.","Não mencionado como solução principal (o trabalho é centrado em ML clássico/ensemble). Modelos avaliados para FDD incluem XGBoost (melhor), CatBoost, Random Forest, Naive Bayes, KNN; e uma versão transparente rule-based STEL extraída do XGBoost (inTrees), porém com menor desempenho.",TreeSHAP,Ambos.,O sucesso do algoritmo para realizar a classificação das falhas foi medido pela Taxa de Detecção de Falhas (FDR - Fault Detection Rate) e F1-Score.,Trade-off performance vs explainability (modelos black-box podem ter alta acurácia mas baixa confiança/risco de decisões erradas em ambiente crítico); necessidade de confiança entre stakeholders e conformidade (menciona GDPR como motivação); inconsistência potencial ao usar múltiplos métodos XAI; limitações práticas para contrafactuais em cenário multi-classe (complexidade → aplicado com classes limitadas e possibilidade de mascarar variáveis incontroláveis).